AVAINSANA #KOTKA TWITTERISSÃ¤ HAVAITSIMME ETTEI JAVASCRIPT KÃ¤YTÃ¶SSÃ¤ SELAIMESSASI;1
 HALUAISITKO TWITTERIN VANHALLE ALUSTALLE SIIRRY SISÃ¤LTÃ¶Ã¶N ETUSIVU ETUSIVU ETUSIVU SIVU;1
 TIETOJA HAKULAUSEKE ETSI TWITTERISTÃ¤ TALLENNETUT HAUT POISTA KESKUSTELUSSA VARMENNETTU TILISUOJATUT TWIITIT@ EHDOTETUT KÃ¤YTTÃ¤JÃ¤T VARMENNETTU TILISUOJATUT TWIITIT@ VARMENNETTU TILISUOJATUT TWIITIT@ BAHASA INDONESIA BAHASA MELAYU CATAL ETINA DANSK DEUTSCH ENGLISH ENGLISH UK ESPAOL FILIPINO FRANAIS HRVATSKI ITALIANO MAGYAR NEDERLANDS NORSK POLSKI PORTUGUS ROMN SLOVENINA SVENSKA TING VIT TRKE ONKO SINULLA TILI KIRJAUDU ONKO SINULLA TILI MUISTA MINUT UNOHDITKO SALASANASI TWITTERISSÃ¤ REKISTERÃ¶IDY KÃ¤YTTÃ¤MÃ¤LLÃ¤ TWITTERIN PALVELUITA HYVÃ¤KSYT EVÃ¤STEIDEN KÃ¤YTÃ¶N;1
 TOIMIMME YHTEISTYÃ¶KUMPPANEIDEMME KANSAINVÃ¤LISESTI KÃ¤YTÃ¤MME EVÃ¤STEITÃ¤ MUUN TILASTOIHIN MUKAUTTAMISEEN MAINOKSIIN;1
 SULJE #KOTKA SUOSITUT VIIMEISIMMÃ¤T HENKILÃ¶T KUVAT VIDEOT LÃ¤HETYKSET HAKUSUODATTIMET NÃ¤YTÃ¤ KENELTÃ¤ SEURAAMASI HENKILÃ¶T SINUA KIELET ENGLISH JAPANI ARABIA ESPANJA ESPAOL AMHARA ARMENIA BENGALI BULGARIA BURMA DIVEHI DIVEHI GEORGIA GUDARATI HAITI HAITIAN CREOLE HEPREA HINDI HOLLANTI NEDERLANDS INDONESIA INDONESIA ISLANTI SLENSKA ITALIA ITALIANO KANNADA KHMER KIINA KOREA KREIKKA LAO LATVIA LATVIEU LIETTUA LIETUVI MALAJALAM MARATHI NEPALI NORJA NORSK ORIJA PANDABI PATU PERSIA PORTUGALI PORTUGUS PUOLA POLSKI RANSKA FRANAIS ROMANIA ROMN SVENSKA DEUTSCH SERBIA SINDHI SINHALA SLOVEENI SLOVENINA SORANI TAGALOG TAGALOG TAMILI TANSKA DANSK TELUGU THAI TIIBET TURKKI TRKE UIGUURI UNKARI MAGYAR URDU VENÃ¤JÃ¤ VIETNAM TING VIT VIRO EESTI TARKENNETTU HAKU TWITTERISSÃ¤ REKISTERÃ¶IDY SAADAKSESI OMAN MUKAUTETUN AIKAJANAN REKISTERÃ¶IDY FALSE TWITTER TIETOJA OHJEKESKUS EHDOT YKSITYISYYSKÃ¤YTÃ¤NTÃ¶ EVÃ¤STEET MAINOSTEN TIEDOT HAKUTULOKSET VESA LANKI@VESKULANKI TUNTIA KOPIOI LINKKI TWIITTIIN UPOTA TWIITTI HYVÃ¤Ã¤ HUOMENTAGOMORRONGOOD MORNINGGUTEN MORGENBONJOURBUONGIORNOBUENOS DAS#BW #BNW #BLACKANDWHITE #BLACKANDWHITEPHOTOGRAPHY #MONOCHROME #BLACKANDWHITEPHOTO #CITYSCAPE #KOTKANOIR #MUSTAKOTKA #VISITKOTKAHAMINA #KOTKA PIC;1
TWITTER;12
COMXNCSCCZB VASTAUSTA UUDELLEENTWIITTAUSTA TYKKÃ¤YSTÃ¤ VASTAA UUDELLEENTWIITTAA UUDELLEENTWIITATTU TYKKÃ¤Ã¤ TYKÃ¤TTY JOUKO KOKKONEN@JOUKOKOKKONEN TUNTIA KOPIOI LINKKI TWIITTIIN UPOTA TWIITTI RIKOLLISUUS LISÃ¤Ã¤NTYNYT ENGLANNISSA;3
 RIKOLLISUUDEN EHKÃ¤ISEMISEKSI VANHOILLISILLA PATENTTILÃ¤Ã¤KE SUOMESSA RANGAISTUKSIA KOVENNETTAVA RUOSKAA SELKÃ¤Ã¤N;1
 #SUOMI #ITSENÃ¤ISYYS #KOTKA PIC;5
 ITSENSÃ¤ TYÃ¶LÃ¤ISTEN TARKOIN HUOLEHDITTAVA SIITÃ¤ TEKEVÃ¤T HUOMAUTUKSIA SIITÃ¤ SIITÃ¤ LAIN MÃ¤Ã¤RÃ¤Ã¤MÃ¤STÃ¤ EPÃ¤KOHDASTA;1
COMHYEUG VASTAUSTA UUDELLEENTWIITTAUSTA TYKKÃ¤YSTÃ¤ VASTAA UUDELLEENTWIITTAA UUDELLEENTWIITATTU TYKKÃ¤Ã¤ TYKÃ¤TTY JUHO PYLVÃ¤NÃ¤INEN@JUHOP HELMIK;16
 KOPIOI LINKKI TWIITTIIN UPOTA TWIITTI RAKKAUTTA ANARKIAA LEFFAFESTIVAALI RANTAUTUU MAALISKUUSSA KOTKAAN MAHTAVA HOMMA;1
 #KOTKA HTTPSWWW;1
KOTKA;1
 SUNNUNTAINA LÃ¤HDETÃ¤Ã¤N YHTEISELLE HIIHTORETKELLE OPISTOLTA KLO A;1
P;1
 HTTPITSENAISYYS;3
 SEURATUT SEURAAJAT POISTETTU KÃ¤YTTÃ¤JÃ¤N @YLEKOTKA HILJENNYS HILJENNÃ¤ @YLEKOTKA SEURAA SEURAA KÃ¤YTTÃ¤JÃ¤Ã¤ @YLEKOTKA SEURATAAN SEURATAAN KÃ¤YTTÃ¤JÃ¤Ã¤ @YLEKOTKA ÃLÃ¤ SEURAA ÃLÃ¤ SEURAA KÃ¤YTTÃ¤JÃ¤Ã¤ @YLEKOTKA ESTETTY ESTETTY @YLEKOTKA POISTA ESTO POISTA ESTO KÃ¤YTTÃ¤JÃ¤LTÃ¤ @YLEKOTKA ODOTTAVA SEURAAMISPYYNTÃ¶ KÃ¤YTTÃ¤JÃ¤LTÃ¤ @YLEKOTKA PERUUTA PERUUTA SEURAAMISPYYNTÃ¶SI KÃ¤YTTÃ¤JÃ¤LLE @YLEKOTKA YLE KOTKAVARMENNETTU TILI @YLEKOTKA YLE KOTKA TARJOILEE KYMENLAAKSON MAAKUNNAN UUTISIA ILMIÃ¶ITÃ¤ RADIOSSA TELEVISIOSSA NETISSÃ¤;1
 SÃ¤HKÃ¶POSTI KOTKA@YLE;1
FI YLE;1
FIUUTISETKOTKA JOUKO OLAVI RAUHALA@JOUKOORAUHALA HELMIK;1
 KOPIOI LINKKI TWIITTIIN UPOTA TWIITTI #KOTKA NORSSALMEN KUPEESTA VALKOHANKI KIMMELTÃ¤Ã¤ OKSAT KUURA JÃ¤Ã¤;1
HYMYYN KÃ¤Y PÃ¤IVÃ¤N ONKOHAN HELMIKUU PIC;1
 KOPIOI LINKKI TWIITTIIN UPOTA TWIITTI NUOLI OSUI NAPAKYMPPIIN HIENON HUOMIONOSOITUKSEN MYÃ¶NSI @VYLRY SAAJA TÃ¤MÃ¤N ANSAINNUT HTTPSKYMENSANOMAT;1
FIUUTISETLAHELLABDBADDCFCAFE #KOTKA #PUISTO #VIHERALUE #VIHERYMPÃ¤RISTÃ¶ #KAUPUNKILUONTO #KAUPUNGINPUUTARHURI VASTAUSTA UUDELLEENTWIITTAUS TYKKÃ¤YSTÃ¤ VASTAA UUDELLEENTWIITTAA UUDELLEENTWIITATTU TYKKÃ¤Ã¤ TYKÃ¤TTY JOUKO KOKKONEN@JOUKOKOKKONEN TUNTIA KOPIOI LINKKI TWIITTIIN UPOTA TWIITTI NAISTEN VALLITSEE KOTKASSA TYÃ¶TTÃ¶MYYS SIITÃ¤ JOHTUVA KURJUUS;1
 KOPIOI LINKKI TWIITTIIN UPOTA TWIITTI TESTATTUA EKAA KERTAA #MATKAKETJUA #BUSSI#SÃ¤HKÃ¶POTKULAUTA #KOTKA#HELSINKI;1
 HIENOA NOITA TARJOLLA TALVELLAKIN #LASTMILERATKAISUNA #KESTÃ¤VÃ¤LIIKENNEPIC;1
 KOPIOI LINKKI TWIITTIIN UPOTA TWIITTI GIGANTTI UUDELLEENTWIITTASI KYMEN SANOMAT TERVETULOA UUTEEN UPEAAN KOTKAN GIGANTTIIN HUOMENNA #AVAJAISET #KOTKA #GIGANTTIHTTPSTWITTER;1
COMKYMENSANOMATSTATUSGIGANTTI LISÃ¤SI KYMEN SANOMAT@KYMENSANOMAT KOTKAN GIGANTTI AVAUTUU UUDESSA OSOITTEESSA TORSTAINA AAMUKAHDEKSALTA AVAJAISISSA POSSOJA ARPAJAISET HTTPDLVR;1
ITRPSJZY PIC;2
 KOPIOI LINKKI TWIITTIIN UPOTA TWIITTI JANNE KOJO UUDELLEENTWIITTASI PETRI SUOMINEN ILMASTOTAVOITTEET EDELLYTTÃ¤VÃ¤T MERKITTÃ¤VIÃ¤ PANOSTUKSIA RATAVERKKOON;1
 HELSINGISTÃ¤ PORVOON KOTKAAN LINJATTAVA ITÃ¤RATA VÃ¤HENTÃ¤ISI PAINETTA MAAN KUORMITETUIMMILTA TAVARALIIKENTEEN RATAOSILTA KOUVOLAN SEUDULLA;1
 #RAIDELIIKENNE #LIIKENNE #ITÃ¤RATA #KOUVOLA #PORVOO #KOTKA #ILMASTOHTTPSTWITTER;1
COMUMLLIIKENNESTATUSJANNE KOJO LISÃ¤SI PETRI SUOMINEN@UMLLIIKENNE ITÃ¤ISELLE RANTARADALLE SALLITAAN TAVARALIIKENNE VOIDAAN HELPOTTAA NYKYISEN KOUVOLAN ITÃ¤PUOLISEN RATAOSUUDEN RUUHKAUTUMISTA LUODAAN HENKILÃ¶LIIKENTEEN RATAYHTEYS KYMENLAAKSON RANNIKON KAUPUNKIEN PÃ¤Ã¤KAUPUNKISEUDUN VÃ¤LILLE;1
HTTPSYLE;1
 KOPIOI LINKKI TWIITTIIN UPOTA TWIITTI MILJOONAINVESTOINTI LIIKENNETTÃ¤ TYÃ¶PAIKKOJA SUOMEN SUURIN SATAMA #KOTKA #HAMINA #HAMINAKOTKASATAMA #ELINVOIMAHTTPSKYMENSANOMAT;1
 KOPIOI LINKKI TWIITTIIN UPOTA TWIITTI TIINA MERTANEN UUDELLEENTWIITTASI ITÃ¤INEN RANTARATA TÃ¤TÃ¤ HALUAMME #KOHTALONARUOTSINSALMI NÃ¤YTTELY #MERIKESKUSVELLAMO LÃ¶YTYVÃ¤T ITÃ¤ISEN RANTARADAN VARRELTA #KOTKA ASEMALTA YHTENÃ¤ AARTEENA @ITARANTARATAHTTPSTWITTER;1
COMITARANTARATASTATUSTIINA MERTANEN LISÃ¤SI ITÃ¤INEN RANTARATA@ITARANTARATA KANTASATAMA KEHITTYY ITÃ¤INEN RANTARATA OPISKELIJAT YRITTÃ¤JÃ¤T TYÃ¶SSÃ¤KÃ¤YVÃ¤T MATKAILIJAT KESKELLE KANTASATAMAA;1
 #ITÃ¤INENRANTARATA HTTPSTWITTER;1
 KOPIOI LINKKI TWIITTIIN UPOTA TWIITTI MJÃ¶TÃ¤Ã¤HJOKO KOTKAHAMINAN TEKISI NOUSUA @TIMOARO KARTOISSA LÃ¤HIPÃ¤IVINÃ¤ PUKANNUT HYVIÃ¤ UUTISIA;1
 OLISIKO POHJAKOSKETUS KOETTU #KOTKA #HAMINA #NOUSUKAUSI HTTPSWWW;1
HAMINA;1
FIAJANKOHTAISTAHAMINAKOTKASATAMAOYTIEDOTTAAFINTOILVALITSIHAMINAKOTKASATAMANSIJOITTAUTUMISPAIKAKSEENFBCLIDIWARWLVXFTGDHJNVUGHOBCMHCGOZYSDBIYQQWOHPDXITWVDSHTTPSYLE;1
FIUUTISETUTMSOURCEFACEBOOKSHAREUTMMEDIUMSOCIALHTTPSKYMENSANOMAT;1
 KOPIOI LINKKI TWIITTIIN UPOTA TWIITTI TERHI LINDHOLM UUDELLEENTWIITTASI KYMEN SANOMAT HYVÃ¤T JATKUU TILAUS ANDRITZILLE #KOTKAAN #TYÃ¶LLISYYS #OSAAMINEN #ELINVOIMAHTTPSTWITTER;1
COMKYMENSANOMATSTATUSTERHI LINDHOLM LISÃ¤SI KYMEN SANOMAT@KYMENSANOMAT ANDRITZ SELLUTEHTAAN UPMLLE URUGUAYHIN PROJEKTISSA ANDRITZIN KOTKAN TOIMIPAIKKA HTTPDLVR;1
 KOPIOI LINKKI TWIITTIIN UPOTA TWIITTI SUOMEN KUNTIEN ILMASTOPÃ¤Ã¤STÃ¶ISSÃ¤ SUURET EROT HSN KARTTA HAKUKONE PALJASTAVAT PÃ¤Ã¤STÃ¶T OVAT SUURIMMAT #KOTKA SAAVUTUS #KUNNAT #ILMASTOHTTPSWWW;1
HS;1
FIKOTIMAAART;1
 KOPIOI LINKKI TWIITTIIN UPOTA TWIITTI KOTKALAISPOIKA LASKENUT MÃ¤KEÃ¤ HENKENSÃ¤ KAUPALLA TYNNYRISSÃ¤;1
 ONNEKSI SAANUT PAHEMPIA VAMMOJA HÃ¤NELLÃ¤ HALUA UUDISTAA KOETTA;1
 KOPIOI LINKKI TWIITTIIN UPOTA TWIITTI LEENA JUHA HANNUS MENETTIVÃ¤T AIKUISEN URHEILULLISEN POIKANSA YLLÃ¤TTÃ¤EN OLIN RAIVOISSANI HAKKASIN NYRKILLÃ¤ SEINÃ¤Ã¤ TILAAJALLE HTTPSWWW;1
ESS;1
 KOPIOI LINKKI TWIITTIIN UPOTA TWIITTI MERITORNI KOTKA;1
 KYMENLAAKSON MUSEO YLEISKOKOELMA KYM HTTPSWWW;1
FINNA;1
FIRECORDMUSKETTIKYM;1
MAYLEVA #KOTKA PIC;1
 KOPIOI LINKKI TWIITTIIN UPOTA TWIITTI CONSA JAZZCLUB NÃ¤HDÃ¤Ã¤N HUOMENNA RAVINTOLA #KOTKAN KLUBILLA KLO JULISTE MUUSIKKOOPISKELIJA WALTTERI NASKI #EKAMI #TEKIJÃ¶IDENTEKIJÃ¤ #KYMENKONSERVATORIO #CONSAJAZZCLUB #MERIKAUPUNKIKOTKAPIC;1
 LATAAMINEN KESTÃ¤VÃ¤N HETKEN;1
 TWITTER RUUHKAUTUNUT HETKELLINEN;1
 YRITÃ¤ KÃ¤Y TWITTERIN TILASIVULLA SAADAKSESI LISÃ¤TIETOJA;1
 SULJE VALITSE SUOSITTUJEN PUHEENAIHEIDEN SIJAINTI HYLKÃ¤Ã¤ SULJE SULJE SIIRRY HENKILÃ¶N PROFIILIIN TALLENNETUT HAUT POISTA KESKUSTELUSSA VARMENNETTU TILISUOJATUT TWIITIT@ EHDOTETUT KÃ¤YTTÃ¤JÃ¤T VARMENNETTU TILISUOJATUT TWIITIT@ VARMENNETTU TILISUOJATUT TWIITIT@ SULJE MAINOSTA TÃ¤TÃ¤ TWIITTIÃ¤ SULJE ESTÃ¤ PERUUTA ESTÃ¤ TWIITTAA SIJAINTI ILMOITTAEN VOIT TWIITTEIHISI SIJAINNIN ESIMERKIKSI KAUPUNGIN TARKEMMAN PAIKAN VERKOSTA KOLMANNEN OSAPUOLEN SOVELLUSTEN KAUTTA;1
 HALUTESSASI VOIT TWIITTISI SIJAINTIHISTORIAN MYÃ¶HEMMIN;1
 OTA KÃ¤YTTÃ¶Ã¶N SULJE LISTASI SULJE LUO LISTA LISTAN KUVAUS MERKKIÃ¤ VALINNAINEN YKSITYISYYS TÃ¤TÃ¤ LISTAA SINULLA PÃ¤Ã¤SY TÃ¤HÃ¤N LISTAAN TALLENNA LISTA SULJE SULJE KOPIOI LINKKI TWIITTIIN TÃ¤MÃ¤N TWIITIN URLOSOITE;1
 KOPIOI JAETTAVAKSI HELPOSTI YSTÃ¤VILLESI;1
 SULJE UPOTA TWIITTI EMBED THIS VIDEO TWIITTI VERKKOSIVUSTOLLESI KOPIOIMALLA OLEVA KOODI;2
 HMM PALVELINYHTEYDESSÃ¤ ONGELMIA;1
 YRITÃ¤ SISÃ¤LLYTÃ¤ ALKUPERÃ¤INEN TWIITTI SISÃ¤LLYTÃ¤ MEDIASISÃ¤LTÃ¶ UPOTTAMALLA TWITTERSISÃ¤LTÃ¶Ã¤ SIVUSTOLLESI SOVELLUKSEESI HYVÃ¤KSYT TWITTERIN KEHITTÃ¤JÃ¤SOPIMUKSEN KEHITTÃ¤JÃ¤KÃ¤YTÃ¤NNÃ¶N;1
 ESIKATSELU SULJE NÃ¤ET TÃ¤MÃ¤N MAINOKSEN SULJE KIRJAUDU TWITTERIIN MUISTA MINUT UNOHDITKO SALASANASI EIKÃ¶ SINULLA TILIÃ¤ REKISTERÃ¶IDY SULJE REKISTERÃ¶IDY TWITTERIIN ETKÃ¶ TWITTERISSÃ¤ REKISTERÃ¶ITY VIRITTÃ¤YDY SEURAAMAAN ASIOITA JOISTA VÃ¤LITÃ¤T VASTAANOTA PÃ¤IVITYKSIÃ¤ TAPAHTUMISTA;1
 REKISTERÃ¶IDY ONKO SINULLA TILI KIRJAUDU SULJE KAKSISUUNTAISET LÃ¤HETYS VASTAANOTTO LYHYTNUMEROT KOODI ASIAKKAILLE YRITYKSESSÃ¤ KANADA YHDISTYNYT KUNINGASKUNTA VODAFONE ORANGE BRASILIA NEXTEL TIM HAITI DIGICEL VOILA IRLANTI VODAFONE INTIA BHARTI AIRTEL VIDEOCON RELIANCE INDONESIA AXIS TELKOMSEL INDOSAT XL AXIATA ITALIA WIND VODAFONE NÃ¤YTÃ¤ MUIDEN MAIDEN LYHYTNUMEROT TEKSTIVIESTEILLE SULJE VAHVISTUS SULJE SULJE OHITA TERVETULOA KOTIIN TÃ¤LLÃ¤ AIKAJANALLA VIETÃ¤T SUURIMMAN OSAN AJASTASI SAAT VÃ¤LITTÃ¶MIÃ¤ PÃ¤IVITYKSIÃ¤ SINULLE TÃ¤RKEISTÃ¤ ASIOISTA;1
 EIVÃ¤TKÃ¶ TWIITIT MIELEESI SIIRRÃ¤ OSOITIN PROFIILIKUVAN NAPSAUTA SEURATAANPAINIKETTA LOPETTAAKSESI TILIEN SEURAAMISEN;1
 SANO PIENELLÃ¤ TEOLLA NÃ¤ET TWIITIN JOTA RAKASTAT NAPAUTA SYDÃ¤NTÃ¤ VOIT TWIITIN KIRJOITTANEELLE HENKILÃ¶LLE JAKAVASI RAKKAUTTA;1
 JAA SANOMAA NOPEIN JONKUN MUUN TWIITTI SEURAAJILLESI UUDELLEENTWIITTAUS;1
 NAPAUTA KUVAKETTA LÃ¤HETTÃ¤Ã¤KSESI SEN HETI;1
 LIITY KESKUSTELUUN AJATUKSESI TWIITTIIN VASTAAMALLA;1
 ETSI SINUA KIINNOSTAVA HYPPÃ¤Ã¤ KESKUSTELUUN;1
 PYSY AJAN TASALLA NÃ¤E VÃ¤LITTÃ¶MÃ¤T PÃ¤IVITYKSET SIITÃ¤ MISTÃ¤ IHMISET PUHUVAT NYT;1
 NÃ¤E SITÃ¤ RAKASTAT SEURAA TILEJÃ¤ NÃ¤HDÃ¤KSESI VÃ¤LITTÃ¶MÃ¤T PÃ¤IVITYKSET SINUA KIINNOSTAVISTA AIHEISTA;1
 TAPAHTUU NÃ¤E AIHEESEEN LIITTYVÃ¤T VIIMEISIMMÃ¤T KESKUSTELUT VÃ¤LITTÃ¶MÃ¤STI;1
 ÃLÃ¤ JÃ¤Ã¤ HETKESTÃ¤KÃ¤Ã¤N PYSY AJAN TASALLA PARHAISTA TARINOISTA NIIDEN TAPAHTUESSA;1
 TWIITTI KÃ¤YTTÃ¤JÃ¤LTÃ¤ KOUVOLAN SANOMATTORSTAI ;1
;85
SULO SULHOETUSIVUVALIKKOTILAAVALIKKOETUSIVU ETUSIVU VALIKKOLÃ¤HELLÃ¤ KOTIMAA TALOUS KULTTUURI VIIHDE URHEILU JUTTUVINKKI TEEMAT VALIKKOKOTI JUOMA LENTOKONEET FINGERPORI MEIDÃ¤N MENOT ELÃ¤MÃ¤NKAARI KAUPALLINEN YHTEISTYÃ¶ VALIKKOPÃ¤Ã¤KIRJOITUKSET KOLUMNIT LUKIJALTA NAPAKAT JÃ¤TÃ¤ TAPAHTUMAT NÃ¤KÃ¶ISLEHTI VALIKKOTILAAASIAKASPALVELU VALIKKOTEE TILAUS JAKELUNKESKEYTYS VAKITUINEN OSOITTEENMUUTOS TILAPÃ¤INEN OSOITTEENMUUTOS JÃ¤TÃ¤ YHTEYSTIEDOT YRITYSASIAKKAAT ANNA PALAUTETTA KIRJAUDU VALIKKOOLETKO UNOHTANUT SALASANASILUO TUNNUKSET AKTIVOI DIGITAALISET PALVELUT TÃ¤STÃ¤KIRJAUDU VALIKKOOLETKO UNOHTANUT SALASANASILUO TUNNUKSET AKTIVOI DIGITAALISET PALVELUT TÃ¤STÃ¤SUOSITTELEMMELUKION KAKKOSLUOKKALAISELLA INKA TIMPERILLÃ¤ EDESSÃ¤Ã¤N PRINSESSAPÃ¤IVÃ¤ ASIAKASPALVELUTILAA KOUVOLAN SANOMAT YSTÃ¤VÃ¤NPÃ¤IVÃ¤N TARJOUSHINTAAN ALKAEN KKLÃ¤HELLÃ¤IHMEOTUKSIA SUOSIKKIHAHMOJA KRITIIKKIÃ¤ HAIKEUTTA VIDEO KUVAT KOUVOLAN LUKIOIDEN ABITURIENTTIEN PENKKARIKULKUEESTA OSALLISTU LEIKKIMIELISEEN PUKUÃ¤Ã¤NESTYKSEENLUKIOIDEN KOLMANNEN VUODEN OPISKELIJAT JUHLIVAT PENKINPAINAJAISIA;1
 VALKEALAN LUKION LAKKAUTUSPÃ¤Ã¤TÃ¶S NÃ¤KYI ISKULAUSEISSA BANDEROLLEISSA;1
KRISTA LIHVONENHIETAKALLIOAIHEETPENKKARITAVAINJUTTULÃ¤HELLÃ¤KOUVOLALAISET KAKSOSPOJAT KULKEVAT POLKUJA ARMEIJASSA POJILLEEN RAKASTAN SINUA VIESTINAVAINJUTTULÃ¤HELLÃ¤KOUVOLALAINEN INKA TIMPERI PUKEUTUU HUOMENNA VANHAAN ROOSAAN PÃ¤IVÃ¤N PRINSESSANA MONEN MUUN LUKIOLAISDAAMIN TAVOIN VANHOJEN TANSSIEN HARJOITTELU ALKOI KOUVOLASSA SYKSYLLÃ¤LÃ¤HELLÃ¤KOUVOLAN KAUPUNGINJOHTAJA APULAISKAUPUNGINJOHTAJA LOMAUTETAAN KESÃ¤LLÃ¤ LUVASSA VIIKKOA PAKKOLOMAA SADALLE KONSERNIPALVELUJEN TYÃ¶NTEKIJÃ¤LLELUETUIMMAT HUUSIMMAT KOMMENTOIDUT HAHMA LIIKUSKELLUT KOUVOLAN SEUDULLA KOTIELÃ¤IMET SISÃ¤LLÃ¤IHMEOTUKSIA SUOSIKKIHAHMOJA KRITIIKKIÃ¤ HAIKEUTTA VIDEO KUVAT KOUVOLAN LUKIOIDEN ABITURIENTTIEN PENKKARIKULKUEESTA OSALLISTU LEIKKIMIELISEEN PUKUÃ¤Ã¤NESTYKSEENKULTTUURIIN KÃ¤YTETYT RAHAT OVAT LAPSILTA NUORILTA VANHUKSILTA OVATKO ETSIMME VASTAUKSET VIITEEN VERKKOKESKUSTELUSSA ESIINTYVÃ¤Ã¤N VÃ¤ITTEESEENKOUVOLALAINEN JMPIPELINE OSTI KONKURSSIIN MENNEEN JOKIMÃ¤EN VIEMÃ¤RIHUOLLOT KAIVOJEN TYHJENNYKSET TYÃ¶LLISTÃ¤VÃ¤T YRITYSTÃ¤ ENITENAVAINJUTTUKATSO ASUKASMÃ¤Ã¤RÃ¤ VÃ¤HENTYNYT ASUINALUEELLASI KOUVOLAN VÃ¤KILUKU KASVANUT VIIDEN VUODEN AIKANA YHDELLÃ¤ POSTINUMEROALUEELLA SIELLÃ¤KIN YHDELLÃ¤ ASUKKAALLANÃ¤YTÃ¤ LISÃ¤Ã¤LÃ¤HELLÃ¤VALKEALAN KIRJASTO SIIRTYY VÃ¤ISTÃ¶TILOIHIN HUHTIKUUSSA KIRJASTO VIIKKOA KESTÃ¤VÃ¤N MUUTON AJAN KIINNIAVAINJUTTUKOTIMAALEENA JUHA HANNUS MENETTIVÃ¤T AIKUISEN URHEILULLISEN POIKANSA YLLÃ¤TTÃ¤EN OLIN RAIVOISSANI HAKKASIN NYRKILLÃ¤ SEINÃ¤Ã¤AVAINJUTTULÃ¤HELLÃ¤KATSO ASUKASMÃ¤Ã¤RÃ¤ VÃ¤HENTYNYT ASUINALUEELLASI KOUVOLAN VÃ¤KILUKU KASVANUT VIIDEN VUODEN AIKANA YHDELLÃ¤ POSTINUMEROALUEELLA SIELLÃ¤KIN YHDELLÃ¤ ASUKKAALLALÃ¤HELLÃ¤OIKAISU JUKKA NYBERG KAUPUNGINHALLITUKSEN JÃ¤SENAVAINJUTTULÃ¤HELLÃ¤KINNOTUEN VÃ¤HENEMINEN NÃ¤KYY TYÃ¶NTEKIJÃ¤Ã¤ IRTISANOUTUNUTKAUPALLINEN YHTEISTYÃ¶ LÃ¤HITAPIOLANÃ¤IN KOTISEUDULLASI SAIRASTETAAN KANSANSAIRAUS SINUA UHKAASUOMEN PUOLIN VOIDAAN TAVOIN;1
 KARTALTA SINUN KOTISEUDULLASI SAIRASTETAAN VOIT TESTATA MITKÃ¤ OVAT SUURIMMAT TERVEYSRISKISI;4
 ASIANTUNTIJAMME VINKIT KANSANSAIRAUKSIEN ENNALTAEHKÃ¤ISYYN;4
AVAINJUTTULÃ¤HELLÃ¤KOOKOON KOTIPELIT KORIAN UIMAHALLI KREIKKALAINEN TARZAN AUTTAMASSA SEN VERRAN ETTEI KANNATA SURKUTELLA KORIALAINEN KORHONEN SANOOLUKIJALTALUKIJALTA KOULUJEN TALVILOMAKAUTTA SYYTÃ¤ AIKAISTAA HELPOTTAISI YLIOPPILASKIRJOITUSTEN JÃ¤RJESTÃ¤MISTÃ¤LÃ¤HELLÃ¤TÃ¤NÃ¤Ã¤N KESKUSTASSA KARKKISATEESEEN KOUVOLASSA NÃ¤KEE PENKKAREITA JUHLIVIA ABEJALÃ¤HELLÃ¤KYMSOTE NOPEUTTI OMAKANTAAN KIRJATTAVIEN TIETOJEN NÃ¤KYMISTÃ¤ POTILAALLE VIIVE LYHENI KAHDESTA VIIKOSTA KYMMENEEN PÃ¤IVÃ¤Ã¤NLÃ¤HELLÃ¤KYMEN KATTOKESKUS HAMUILEE ISOMPAA OSUUTTA ITÃ¤UUDENMAAN KATTOREMONTEISTAAVAINJUTTULÃ¤HELLÃ¤KOUVOLASSA KIERRÃ¤TYKSESTÃ¤ LUISTANEET TALOYHTIÃ¶T PANTIIN JÃ¤TEHUOLLON MUUTOKSELLA RUOTUUN PROSENTILLA KOUVOLAN TALOYHTIÃ¶ISTÃ¤ JÃ¤TTEIDEN KIERRÃ¤TYKSESSÃ¤ PUUTTEITANAPAKATNAPAKAT HALUAN VERONMAKSAJANA MITKÃ¤ OVAT KINNON VIRKAA VASTUUALUEET MARKKINOINTIKIN SIIRTYY KAUPUNGILLE MENEVÃ¤T MONET MILJOONAT MAKSETAANLÃ¤HELLÃ¤PÃ¤Ã¤KIRJOITUS KOUVOLAN JÃ¤TEHUOLTO EROON MONIMUTKAISUUDESTAAVAINJUTTUURHEILUJÃ¤LLEEN MAAILMANLUOKAN LAUKAUSTAAN ESITELLYT KOOKOON LIBOR SULAK LAUKAUKSEN TARVINNUT HIRVITTÃ¤VÃ¤N TÃ¤LLÃ¤ KERTAA MENNÃ¤KSEEN MAALIIN SAAN PAIKAN LAUKOA SYÃ¶TÃ¶STÃ¤ ANNAN TÃ¤YSILLÃ¤URHEILUKOUVOTTARET HERÃ¤SI TAUON JÃ¤LKEENLÃ¤HELLÃ¤SÃ¤Ã¤STÃ¶LOMAUTUS SULKEE IITIN TERVEYSKESKUKSEN NEUVOLAN APUVÃ¤LINEKESKUKSEN VIIKOKSI KIIREETÃ¶N NASTOLASSAAVAINJUTTULÃ¤HELLÃ¤ITÃ¤RADAN KOUVOLALINJAUKSELLA ETELÃ¤KARJALAN TUKIKOTKAN HAMINAN KAUPUNGINJOHTAJIEN KOSIMAKIRJE VAKUUTTANUT MAAKUNTAJOHTAJAAURHEILUKAUHAJOKI VEI KUUDENNEN PERÃ¤KKÃ¤ISEN KARHUNPAININKARHUBASKET KOUVOJA VÃ¤KEVÃ¤MPILÃ¤HELLÃ¤HIIPPAKUNNAN KIRKOLLISKOKOUSEDUSTAJAT VALITTU MIRVA LEHTINEN KOUVOLASTA VALITTIIN KIRKON YLIMPÃ¤Ã¤N PÃ¤Ã¤TTÃ¤VÃ¤Ã¤N ELIMEEN NIMET TÃ¤STÃ¤URHEILUKOOKOO NOUSI LIIGAN KOLMOSEKSIMATTHEW CAITO SIIRTYI PUOLUSTAJIEN PISTEPÃ¶RSSIN KÃ¤RKEENKULTTUURI VIIHDEKOUVOLALAISLÃ¤HTÃ¶ISEN ALEKSANTERI HAKANIEMEN PÃ¤Ã¤TYI ELOKUVAAN MIELETÃ¶N REMPPA LAULAJA KERTOO SÃ¤VELLYKSESTÃ¤Ã¤N KUUNTELE TÃ¤Ã¤LTÃ¤ TAJUU LÃ¤HELLÃ¤;1
 KOUVOLAN TOIVOMASTA ITÃ¤RADASTA KÃ¤YDÃ¤Ã¤N KOVAA ALUEPOLIITTISTA KAMPPAILUA KESKON PÃ¤Ã¤JOHTAJA MIKKO HELANDER HALUAA RISTIVEDON LOPPUVAN LIIKAA KOROSTAA YHTEEN HIILEEN PUHALTAMISEN MERKITYSTÃ¤LÃ¤HELLÃ¤;1
 AHMA LIIKUSKELLUT KOUVOLAN SEUDULLA KOTIELÃ¤IMET SISÃ¤LLÃ¤KULTTUURI VIIHDE;1
 LASTEN TEATTERITAPAHTUMA KUULAS SAI EURON AVUSTUKSEN KOUVOLAN SÃ¤Ã¤STÃ¶JEN KURITTAMA FESTIVAALI TOTEUTUU TÃ¤NÃ¤KIN VUONNA NELIPÃ¤IVÃ¤ISENÃ¤NÃ¤YTÃ¤ ARTIKKELEITALUETUIMMAT HUUSIMMAT AHMA LIIKUSKELLUT KOUVOLAN SEUDULLA KOTIELÃ¤IMET SISÃ¤LLÃ¤IHMEOTUKSIA SUOSIKKIHAHMOJA KRITIIKKIÃ¤ HAIKEUTTA VIDEO KUVAT KOUVOLAN LUKIOIDEN ABITURIENTTIEN PENKKARIKULKUEESTA OSALLISTU LEIKKIMIELISEEN PUKUÃ¤Ã¤NESTYKSEENKULTTUURIIN KÃ¤YTETYT RAHAT OVAT LAPSILTA NUORILTA VANHUKSILTA OVATKO ETSIMME VASTAUKSET VIITEEN VERKKOKESKUSTELUSSA ESIINTYVÃ¤Ã¤N VÃ¤ITTEESEENKOUVOLALAINEN JMPIPELINE OSTI KONKURSSIIN MENNEEN JOKIMÃ¤EN VIEMÃ¤RIHUOLLOT KAIVOJEN TYHJENNYKSET TYÃ¶LLISTÃ¤VÃ¤T YRITYSTÃ¤ ENITENAVAINJUTTUKATSO ASUKASMÃ¤Ã¤RÃ¤ VÃ¤HENTYNYT ASUINALUEELLASI KOUVOLAN VÃ¤KILUKU KASVANUT VIIDEN VUODEN AIKANA YHDELLÃ¤ POSTINUMEROALUEELLA SIELLÃ¤KIN YHDELLÃ¤ ASUKKAALLAPOLIISI SELVITTI KOUVOLASSA NELJÃ¤N MURRON SARJAN KAUPAN HUUMAUSAINERIKOKSENONKO KEITO KAITO KALIFORNIASTA KOTOISIN OLEVASTA MATT CAITOSTA LIIGAN PUOLUSTAJIEN MAALIPÃ¶RSSIN VOITTANUT KOOKOOPELAAJAAVAINJUTTUVARKAAT MURTAUTUIVAT KOUVOLAN KAUPPAHALLIIN KATON PENKOIVAT LIIKKEET POLIISILLE TUTUT TEKIJÃ¤T SAATU KIINNIAVAINJUTTUKOOKOON KOTIPELIT KORIAN UIMAHALLI KREIKKALAINEN TARZAN AUTTAMASSA SEN VERRAN ETTEI KANNATA SURKUTELLA KORIALAINEN KORHONEN SANOOTÃ¤NÃ¤Ã¤N KESKUSTASSA KARKKISATEESEEN KOUVOLASSA NÃ¤KEE PENKKAREITA JUHLIVIA ABEJANÃ¤YTÃ¤ KAIKKIMIELIPIDEPÃ¤Ã¤KIRJOITUKSET;1
 PÃ¤Ã¤KIRJOITUS SOPIVATKO KOUVOLA KOTKA SAMAAN MAAKUNTAAN YHTEISELOA KANNATA ENERGIA KULUVAT KESKINÃ¤ISEEN RIITELYYNPETRI KARJALAINENPÃ¤Ã¤KIRJOITUKSET;1
 PÃ¤Ã¤KIRJOITUS TEHDÃ¤Ã¤N VALTIOSIHTEEREILLÃ¤TIMO LAITAKARILUE MIELIPITEETLUETUIMMATAHMA LIIKUSKELLUT KOUVOLAN SEUDULLA KOTIELÃ¤IMET SISÃ¤LLÃ¤IHMEOTUKSIA SUOSIKKIHAHMOJA KRITIIKKIÃ¤ HAIKEUTTA VIDEO KUVAT KOUVOLAN LUKIOIDEN ABITURIENTTIEN PENKKARIKULKUEESTA OSALLISTU LEIKKIMIELISEEN PUKUÃ¤Ã¤NESTYKSEENKULTTUURIIN KÃ¤YTETYT RAHAT OVAT LAPSILTA NUORILTA VANHUKSILTA OVATKO ETSIMME VASTAUKSET VIITEEN VERKKOKESKUSTELUSSA ESIINTYVÃ¤Ã¤N VÃ¤ITTEESEENKOUVOLALAINEN JMPIPELINE OSTI KONKURSSIIN MENNEEN JOKIMÃ¤EN VIEMÃ¤RIHUOLLOT KAIVOJEN TYHJENNYKSET TYÃ¶LLISTÃ¤VÃ¤T YRITYSTÃ¤ ENITENAVAINJUTTUKATSO ASUKASMÃ¤Ã¤RÃ¤ VÃ¤HENTYNYT ASUINALUEELLASI KOUVOLAN VÃ¤KILUKU KASVANUT VIIDEN VUODEN AIKANA YHDELLÃ¤ POSTINUMEROALUEELLA SIELLÃ¤KIN YHDELLÃ¤ ASUKKAALLAPOLIISI SELVITTI KOUVOLASSA NELJÃ¤N MURRON SARJAN KAUPAN HUUMAUSAINERIKOKSENONKO KEITO KAITO KALIFORNIASTA KOTOISIN OLEVASTA MATT CAITOSTA LIIGAN PUOLUSTAJIEN MAALIPÃ¶RSSIN VOITTANUT KOOKOOPELAAJAAVAINJUTTUVARKAAT MURTAUTUIVAT KOUVOLAN KAUPPAHALLIIN KATON PENKOIVAT LIIKKEET POLIISILLE TUTUT TEKIJÃ¤T SAATU KIINNIAVAINJUTTUKOOKOON KOTIPELIT KORIAN UIMAHALLI KREIKKALAINEN TARZAN AUTTAMASSA SEN VERRAN ETTEI KANNATA SURKUTELLA KORIALAINEN KORHONEN SANOOTÃ¤NÃ¤Ã¤N KESKUSTASSA KARKKISATEESEEN KOUVOLASSA NÃ¤KEE PENKKAREITA JUHLIVIA ABEJAUUSIMMAT UUTISETVALKEALAN KIRJASTO SIIRTYY VÃ¤ISTÃ¶TILOIHIN HUHTIKUUSSA KIRJASTO VIIKKOA KESTÃ¤VÃ¤N MUUTON AJAN KIINNIAVAINJUTTUKOUVOLALAISET KAKSOSPOJAT KULKEVAT POLKUJA ARMEIJASSA POJILLEEN RAKASTAN SINUA VIESTINAVAINJUTTUKOUVOLALAINEN INKA TIMPERI PUKEUTUU HUOMENNA VANHAAN ROOSAAN PÃ¤IVÃ¤N PRINSESSANA MONEN MUUN LUKIOLAISDAAMIN TAVOIN VANHOJEN TANSSIEN HARJOITTELU ALKOI KOUVOLASSA SYKSYLLÃ¤KOUVOLAN KAUPUNGINJOHTAJA APULAISKAUPUNGINJOHTAJA LOMAUTETAAN KESÃ¤LLÃ¤ LUVASSA VIIKKOA PAKKOLOMAA SADALLE KONSERNIPALVELUJEN TYÃ¶NTEKIJÃ¤LLEIHMEOTUKSIA SUOSIKKIHAHMOJA KRITIIKKIÃ¤ HAIKEUTTA VIDEO KUVAT KOUVOLAN LUKIOIDEN ABITURIENTTIEN PENKKARIKULKUEESTA OSALLISTU LEIKKIMIELISEEN PUKUÃ¤Ã¤NESTYKSEENAVAINJUTTULEENA JUHA HANNUS MENETTIVÃ¤T AIKUISEN URHEILULLISEN POIKANSA YLLÃ¤TTÃ¤EN OLIN RAIVOISSANI HAKKASIN NYRKILLÃ¤ SEINÃ¤Ã¤OIKAISU JUKKA NYBERG KAUPUNGINHALLITUKSEN JÃ¤SENAVAINJUTTUKINNOTUEN VÃ¤HENEMINEN NÃ¤KYY TYÃ¶NTEKIJÃ¤Ã¤ IRTISANOUTUNUTLUKIJALTA KOULUJEN TALVILOMAKAUTTA SYYTÃ¤ AIKAISTAA HELPOTTAISI YLIOPPILASKIRJOITUSTEN JÃ¤RJESTÃ¤MISTÃ¤TÃ¤NÃ¤Ã¤N KESKUSTASSA KARKKISATEESEEN KOUVOLASSA NÃ¤KEE PENKKAREITA JUHLIVIA ABEJAKOMMENTOIDUTAVAINJUTTUUUTISANALYYSI KOUVOLAN KAUPUNGIN TYÃ¶NTEKIJÃ¶IDEN LOMAUTUKSISTA SAADUT SÃ¤Ã¤STÃ¶T UPPOAVAT POPULISTIN SILMIN KULLASVAARAN LOGISTIIKKAALUEELLEKAUPUNKI RRTHANKKEESTA KOKONAISVASTUUN OTTAVAA TYÃ¶NTEKIJÃ¤Ã¤AVAINJUTTUKOUVOLAN KAUPUNGINVALTUUSTO SITOUTUI JATKAMAAN INVESTOINTEJA KULLASVAARAAN VALTUUTETUT TIVASIVAT VASTAUKSIA RRTHANKKEEN RISKEISTÃ¤LUKIJALTA HELLEVI KUNNAKSELLE PALVELURAKENNELUKIJALTA OLISI MYÃ¶NTÃ¤ISI TUKIPAKETIN KOUVOLALLE KANSANEDUSTAJA VILLE KAUNISTOLUKIJALTA KOUVOLAN PÃ¤Ã¤TTÃ¤JÃ¤T HILJENTÃ¤VÃ¤T REUNAALUEIDEN KIRKONKYLÃ¤TKOUVOLAN TOIVOMASTA ITÃ¤RADASTA KÃ¤YDÃ¤Ã¤N KOVAA ALUEPOLIITTISTA KAMPPAILUA KESKON PÃ¤Ã¤JOHTAJA MIKKO HELANDER HALUAA RISTIVEDON LOPPUVAN LIIKAA KOROSTAA YHTEEN HIILEEN PUHALTAMISEN MERKITYSTÃ¤HARRI HELMISTÃ¤ ESITETÃ¤Ã¤N VARAPUHEENJOHTAJAKSI KYMENLAAKSON SÃ¤HKÃ¶N HALLITUKSEENPÃ¤Ã¤KIRJOITUS SOPIVATKO KOUVOLA KOTKA SAMAAN MAAKUNTAAN YHTEISELOA KANNATA ENERGIA KULUVAT KESKINÃ¤ISEEN RIITELYYNLUKIJALTA KOUVOLAN PALVELUVERKKO MONILTA OSIN KALLIIMPI KUNNISSA TALOUSJOHTAJA HELLEVI KUNNASKUUSANKOSKEN INKEROISTEN TEHTAILLA LAKON PÃ¤Ã¤TTYMISTÃ¤ SOVUN SYNTYMISTÃ¤ PIDETÃ¤Ã¤N HYVÃ¤NÃ¤ ASIANA TÃ¤MÃ¤N SOVUN NENILLEKOUVOLAN SANOMATTEKIJÃ¤NOIKEUDET KAAKON VIESTINTÃ¤ OYLEHTIKAARI PL KOUVOLAPUH;1
 PÃ¤Ã¤TOIMITTAJA PETRI KARJALAINENSISÃ¤LTÃ¶JOHTAJA TOIMITTAJA EIPAIKALLISET SISÃ¤LLÃ¶T LAKKAASIAKASPALVELU@KOUVOLANSANOMAT;4
FIANNA PALAUTETTAJUTTUVINKKIKÃ¤YTTÃ¶EHDOTTIETOSUOJALAUSEKEASIAKASPALVELUYRITYSASIAKKAATKAAKON VIESTINTÃ¤KAAKON VIESTINTÃ¤ ESVPAIKALLISMEDIATETELÃ¤SAIMAAITÃ¤SAVOJUVAN LEHTIKAAKONKULMAKANGASNIEMEN KUNNALLISLEHTIKESKILAAKSOKOUVOLAN SANOMATKYMEN SANOMATLUUMÃ¤EN LEHTILÃ¤NSISAIMAAN SANOMATLÃ¤NSISAVOPAIKALLISLEHTI JOUTSENOPITÃ¤JÃ¤NUUTISETPURUVESIUUTISVUOKSIES KESKIVIIKKOKS KESKIVIIKKOLS KESKIVIIKKOVASTUULLISTA JOURNALISMIA MERIKAUPUNKI KOTKA ETUSIVU FACEBOOKSIIRRY KOHTEESEENTÃ¤MÃ¤N SIVUN OSIOTHELPPOKÃ¤YTTÃ¶OHJEETPOISTAKÃ¤YTÃ¤MME EVÃ¤STEITÃ¤ SISÃ¤LLÃ¶N YKSILÃ¶IMISEEN MAINOSTEN MUKAUTTAMISEEN MAINOSTEN SEURANTAAN TURVALLISEN KÃ¤YTÃ¶N VARMISTAMISEEN;4
 KLIKKAAMALLA SIVUSTOA SELAAMALLA SITÃ¤ ANNAT MEILLE LUVAN TIETOJA FACEBOOKISSA SEN ULKOPUOLELLA EVÃ¤STEIDEN AVULLA;1
 LISÃ¤TIETOJA MUUN SAATAVILLA OLEVISTA HALLINTAMAHDOLLISUUKSISTA EVÃ¤STEKÃ¤YTÃ¤NTÃ¶;1
FACEBOOKSÃ¤HKÃ¶POSTI PUHELINSALASANAUNOHDITKO KÃ¤YTTÃ¤JÃ¤TILINETUSIVUTIETOJAKUVATARVOSTELUTVIDEOTPELAA KOTKAVISAATAPAHTUMATJULKAISUTYHTEISÃ¶NÃ¤YTÃ¤ SIVUSTA MERIKAUPUNKI KOTKA FACEBOOKISSAKIRJAUDU SISÃ¤Ã¤NTAILUO TILINÃ¤YTÃ¤ SIVUSTA MERIKAUPUNKI KOTKA FACEBOOKISSAKIRJAUDU SISÃ¤Ã¤NUNOHDITKO KÃ¤YTTÃ¤JÃ¤TILINTAILUO TILIEI NYTTIETOJA MERIKAUPUNKI KOTKAMERIKAUPUNKI KOTKAKOTKA KYMENLAAKSON TOISEKSI SUURIN KAUPUNKI;1
 SIJAITSEE SUOMENLAHDEN RANNIKOLLA KYMIJOEN SUIST;1
NÃ¤YTÃ¤ LISÃ¤Ã¤YHTEISÃ¶NÃ¤YTÃ¤ HENKILÃ¶Ã¤ TYKKÃ¤Ã¤ HENKILÃ¶Ã¤ SEURAA TÃ¤TÃ¤ PAIKKAMERKINTÃ¤Ã¤TIETOJANÃ¤YTÃ¤ KAIKKIKUSTAANKATU KM KOTKAHAE REITTIOHJEET CONTACT MERIKAUPUNKI KOTKA MESSENGERKOTKA;1
FIJULKISHALLINNOLLINEN ORGANISAATIO PAIKKAKUNTAIMPRESSUMSIVUN LÃ¤PINÃ¤KYVYYSNÃ¤YTÃ¤ LISÃ¤Ã¤FACEBOOK TIETOJA JOIDEN AVULLA YMMÃ¤RRÃ¤T SIVUN TARKOITUSTA PAREMMIN;1
 MILLAISIA TOIMINTOJA SIVUA HALLINNOIVAT SISÃ¤LTÃ¶Ã¤ JULKAISEVAT IHMISET TEKEVÃ¤T;1
SIVU LUOTU MAALISKUUTA IHMISET TYKKÃ¤YSTÃ¤ KÃ¤YNTIÃ¤SIVUT JOISTA TYKÃ¤NNYTKARHULAVISIT KOTKAHAMINAKOTKAN AIKUISLUKIOKOTKAN NUORISOVALTUUSTOMARETARIUMART PORT TAIDESATAMA KOTKAVISIT KOTKAHAMINACURSOR OYKOTKAN KAUPPATORIVANHAA KOTKAN KESKUSTAALASTEN MERIPÃ¤IVÃ¤TMERIKAUPUNKI KOTKAYLE KOTKAKOTKAN KAUPUNGINTEATTERIAVOIMET TYÃ¶PAIKAT KOTKASSAYRITTÃ¤JYYS KYMENLAAKSOSSAHELSINKICENTREAVOIN KUNTALAISKOKOUSKYMEN SANOMATTERVEYS HYVINVOINTIPISTE LOISTE KOTKANSAARELLA LUOTSI KARHULASSANÃ¤YTÃ¤ LISÃ¤Ã¤TRIANGLEDOWNAIHEESEEN LIITTYVÃ¤T SIVUTKOTKAN MERIPÃ¤IVÃ¤TFESTIVAALIMERIKESKUS VELLAMOYHTEISÃ¶MUSEOVISIT KOTKAHAMINATURISTIINFOKESKUSKYMEN SANOMATSANOMALEHTIVANHAA KOTKAN KESKUSTAAPAIKALLINEN SIVUSTOKOTKAN KAUPUNGINTEATTERIESITYSTAITEIDEN TEATTERIPASAATI KAUPPAKESKUSOSTOSKESKUSKOTKA HUOMENNAPAIKALLINEN SIVUSTOPUISTOJEN KOTKAYHTEISÃ¶ORGANISAATIORAVINTOLA VAAKKURAVINTOLAKTP KOTKAAMMATTILAISURHEILUJOUKKUEKAHVILAKONDITORIA HYGGELEIPOMOHOTEL LEIKARIHOTELLILOMAKESKUSJUSSIN JÃ¤TTIKIRPPISKIRPPUTORIJOENSUU IDÃ¤SSÃ¤JULKISHALLINNOLLINEN ORGANISAATIOMARINA CAFE LAITURIKAHVILALAHDEN KAUPUNKIJULKINEN PALVELUKUUSAMON JUUSTOTUOTEPALVELULOHJAN LOJO STADJULKISHALLINNOLLINEN ORGANISAATIOVAASAN VASA STADPAIKKAKUNTANÃ¤YTÃ¤ LISÃ¤Ã¤TRIANGLEDOWNPAIKATKOTKAMERIKAUPUNKI KOTKASUOMI ENGLISH US SVENSKA ESPAOL PORTUGUS BRASILTIETOJA SIVUN KÃ¤VIJÃ¤TIEDOISTAYKSITYISYYS KÃ¤YTTÃ¶EHDOT MAINOSTAMINEN MAINOKSENI EVÃ¤STEET FACEBOOK KUVATNÃ¤YTÃ¤ KAIKKISUOSITUKSET ARVOSTELUT IHMISTÃ¤ SUOSITELLUTMERIPÃ¤IVÃ¤T KIVA KESÃ¤INEN KOTKASSA;1
 MUKAVIA MUISTOJA VUOSIEN TAKAA TAMMIKUUTAMERI MERIPÃ¤IVÃ¤T PUISTOT JOKIPUISTO;1
USEAT KOSKET;1
LANGINKOSKEN KOSKEMATON METSÃ¤T SAARET;1
JA;1
 POSSOKAHVIT;1
MIINUKSENA LIIKAA VENÃ¤LÃ¤ISIÃ¤ TYÃ¶TTÃ¶MIÃ¤ ETENKIN KARHULAKARHUVUORI ALUEILLA PIENEN KAUPUNGIN SOSIAALIPALVELUT LIIKA KUORMITUSTA NÃ¤YTÃ¤ LISÃ¤Ã¤;1
 SYYSKUUTA JULKISTA TERVEYDENHOITOA HAUKUTAAN TÃ¶RKEÃ¤STI;1
 MINULLA TOISENLAISIA KOKEMUKSIA NII;1
N KOUVOLASTA KOTKASTAKIN;1
 VARASIN AJAN SÃ¤HKÃ¶ISESTI TERVEYDENHOITAJALLE SAIN AUDIENSSIN TÃ¤LLE AAMULLE KARHUVUOREEN;1
 HOITAJA MITTASI TULEHDUSARVOT SATURAATION OLIN LÃ¤Ã¤KÃ¤RIN PAKEILLA;1
 TOHTORI TEKI TARKKAA TYÃ¶TÃ¤ MÃ¤Ã¤RÃ¤SI LÃ¤Ã¤KKEET PASSITTI KESKUSSAIRAALAN LABRAAN RÃ¶NTGENIIN VARMUUDEN VUOKSI;1
 SIELTÃ¤ SELVISIN KLO APTEEKKIEN KOTIIN;1
 ENSIMMÃ¤ISESTÃ¤ APTEEKISTA LÃ¶YTYI LÃ¤Ã¤KE TOISEN SAANNIN FARMASEUTTI VARMISTI NAAPURIAPTEEKISTA;1
 PUOLTAPÃ¤IVÃ¤Ã¤ ALOITTELIN KOTONA LÃ¤Ã¤KEKUURIEN NAUTTIMISEN;1
 KLO SOITTI AAMUINEN TOTESI VERIKOKEIDEN ARVOJEN OLEVAN OK;1
 RÃ¶NTGEN SELVIÃ¤Ã¤ MYÃ¶HEMMIN;1
 TOIMIA;1
 NÃ¤YTÃ¤ LISÃ¤Ã¤;1
 MARRASKUUTA NÃ¤YTÃ¤ KAIKKIVIDEOTVAPAAAJAN TONTIT PITKÃ¤SAARESSALIHAMESTARIN KEITTIÃ¶SSÃ¤ TIISERIKATSO KAIKKINÃ¤YTÃ¤ LÃ¤NSISAVOTORSTAI ;1
SULO SULHOETUSIVUVALIKKOTILAAVALIKKOETUSIVU ETUSIVU VALIKKOLÃ¤HELLÃ¤ KOTIMAA TALOUS KULTTUURI VIIHDE URHEILU JUTTUVINKKI TEEMAT VALIKKOKOTI LUONTOHAVAINNOT JUOMA TORIKAMERA FINGERPORI KAUPALLINEN YHTEISTYÃ¶ MUISTOKIRJOITUKSET VALIKKOPÃ¤Ã¤KIRJOITUKSET KOLUMNIT LUKIJALTA KOMMENTIT PUHEENVUOROT SANO JÃ¤TÃ¤ TAPAHTUMAT SAIMAA NÃ¤KÃ¶ISLEHTI VALIKKOTILAAASIAKASPALVELU VALIKKOTEE TILAUS JAKELUNKESKEYTYS VAKITUINEN OSOITTEENMUUTOS TILAPÃ¤INEN OSOITTEENMUUTOS JÃ¤TÃ¤ YHTEYSTIEDOT YRITYSASIAKKAAT ANNA PALAUTETTA KIRJAUDU VALIKKOOLETKO UNOHTANUT SALASANASILUO TUNNUKSET AKTIVOI DIGITAALISET PALVELUT TÃ¤STÃ¤KIRJAUDU VALIKKOOLETKO UNOHTANUT SALASANASILUO TUNNUKSET AKTIVOI DIGITAALISET PALVELUT TÃ¤STÃ¤ASIAKASPALVELUTILAA LÃ¤NSISAVO YSTÃ¤VÃ¤NPÃ¤IVÃ¤N TARJOUSHINTAAN ALKAEN KKPUHEENAIHEKAIHUNLAHTEEN ISTUTETTUJEN LOHIEN ROHMUAMINEN HARMITTAA KALASTAJAYHDISTYSTÃ¤SUOSITTELEMMEKATSO VANHAT TANSSITAAN MIKKELISSÃ¤ JUVALLA KANGASNIEMELLÃ¤URHEILUJUKURIT VAHVISTI PERESKOKOVIN LÃ¤HDÃ¶N PURETTUJULIUS RANTAESKOLA LOPPUKAUDEKSI MIKKELIINJUKURIT HYÃ¶TYY PELAAJAN PALKAN VERRAN PERESKOKOVIN LÃ¤HDÃ¶STÃ¤ JAKOVENKON VUOKRALTA;1
VILLE NISKANENAIHEETJUKURITLIIGAVADIM PERESKOKOVJÃ¤Ã¤KIEKKOJULIUS RANTAESKOLALÃ¤HELLÃ¤POHJOISMAIDEN SUURIN KAHVILAKETJU ESPRESSO HOUSE AVAA KAHVILAN MIKKELIIN KAUPPAKESKUS AKSELIIN TULEVANA KESÃ¤NÃ¤LÃ¤HELLÃ¤LUOTI MENI HIRVIMETSÃ¤LLÃ¤ VASAN OSUI TOISEEN PASSIMIEHEEN PIEKSÃ¤MÃ¤ELLÃ¤ AMPUJALLE TUOMIO METSÃ¤STYSRIKOKSESTAAVAINJUTTUKOTIMAALEENA JUHA HANNUS MENETTIVÃ¤T AIKUISEN URHEILULLISEN POIKANSA YLLÃ¤TTÃ¤EN OLIN RAIVOISSANI HAKKASIN NYRKILLÃ¤ SEINÃ¤Ã¤LUETUIMMAT HUUSIMMAT KOMMENTOIDUT HHENKILÃ¶AUTO RUSIKOI PYSÃ¤KÃ¶ITYJÃ¤ AUTOJA MAAHERRANKADULLA MIKKELISSÃ¤POHJOISMAIDEN SUURIN KAHVILAKETJU ESPRESSO HOUSE AVAA KAHVILAN MIKKELIIN KAUPPAKESKUS AKSELIIN TULEVANA KESÃ¤NÃ¤LOPPUVIIKOSTA ODOTETTAVISSA KARKKISADETTA JUHLATUNNELMAA MIKKELISSÃ¤ JUVALLA KANGASNIEMELLÃ¤ PENKKARIREKAT KULKEVAT VANHAT TANSSITAANVANGASJÃ¤RVEN RANTAAN OMAKOTITALOTONTTEJA PIEKSÃ¤MÃ¤ELLÃ¤ TONTTIKAUPAN TULEE KORPIMAISEMAAAVAINJUTTUKAIHUNLAHTEEN ISTUTETTUJEN LOHIEN ROHMUAMINEN HARMITTAA KALASTAJAYHDISTYSTÃ¤ TOIVOMME OLISI ILOA KAIKILLE EIKÃ¤ MUUTAMILLENÃ¤YTÃ¤ LISÃ¤Ã¤LÃ¤HELLÃ¤TURVE SYTTYI KULJETINRAKENNUKSEN LATTIALLA PIEKSÃ¤MÃ¤ELLÃ¤ HENKILÃ¶KUNTA SAMMUTTILÃ¤HELLÃ¤ESSOTE SAI MILJOONAN EURON TUEN KOTIHOIDON KEHITTÃ¤MISEENAVAINJUTTULÃ¤HELLÃ¤OIKEALTA OHITTAMISTA TAKAPUOLEN VILAUTTELUA TIEURAKOITSIJA VIITOSTIELLÃ¤ SAA TOTTUA VAIHTUVIIN KELEIHIN TIERAIVOON YHTEISPELIN NIMISSÃ¤ LASSE KURPPA VINKKIÃ¤URHEILUVADIM PERESKOKOV LÃ¤HTEE JUKUREISTA JATKOAJAN SUUNTANA SVEITSI JUKKA HOLTARI KIISTÃ¤Ã¤ SAMULI PIIPPOSEN SIIRRONLÃ¤HELLÃ¤KOLMELLE MIEHELLE LUETTIIN SYYTTEET LAPPEENRANNAN KULTAKELLON MURROSTA KOLMIKKO TUNNUSTI VARASTIVAT AUTON RISTIINASTAKAUPALLINEN YHTEISTYÃ¶ LÃ¤HITAPIOLANÃ¤IN KOTISEUDULLASI SAIRASTETAAN KANSANSAIRAUS SINUA UHKAASUOMEN PUOLIN VOIDAAN TAVOIN;1
AVAINJUTTULÃ¤HELLÃ¤KAIHUNLAHTEEN ISTUTETTUJEN LOHIEN ROHMUAMINEN HARMITTAA KALASTAJAYHDISTYSTÃ¤ TOIVOMME OLISI ILOA KAIKILLE EIKÃ¤ MUUTAMILLELÃ¤HELLÃ¤MIKKELISSÃ¤ AVAUTUU VUODEN ALUSSA YLIOPPILAIDEN TERVEYDENHOITOSÃ¤Ã¤TIÃ¶N PALVELUPISTE PIEKSÃ¤MÃ¤ELLÃ¤ OPISKELIJOILLE PALVELUT HANKITAAN YHTEISTYÃ¶KUMPPANILTALÃ¤HELLÃ¤POLIISI NAPPASI AJOKORTITTOMAN MIEHEN RATISTA VUODEN PIEKSÃ¤MÃ¤ELLÃ¤HUUMEPIKATESTI OSOITTI AMFETAMIINIALÃ¤HELLÃ¤YSTÃ¤VÃ¤NPÃ¤IVÃ¤NÃ¤ MIKKELIN SEUDULLA RAVITA KEHOAAN SUSHILLA SIELUAAN SOULILLA VINKIT PERJANTAILLE LAUANTAILLELÃ¤HELLÃ¤KULJETTAJA ASETTELI AJON KORVANAPPIKUULOKKEIDEN JOHTOATÃ¶RMÃ¤SI KAHTEEN AUTOON MIKKELIN MAAHERRANKADULLAAVAINJUTTULÃ¤HELLÃ¤NÃ¤IN MIKKELIN PÃ¤Ã¤MAJATALO UUDISTUU SISÃ¤LTÃ¤ SODAN RAUHAN KESKUS MUISTI RAKENTUU AIKATAULUSSALÃ¤HELLÃ¤MEKAANISEN METSÃ¤TEOLLISUUDEN NEUVOTTELUISSA SOVINTOEHDOTUS LIITOILLA VASTAUSAIKAA TORSTAIILTAPÃ¤IVÃ¤Ã¤NLUKIJALTAMIELIPIDE ALUEPOLITIIKASSA TARVITAAN TOIMIALUKIJALTAMIELIPIDE JATKUVAT KILPAILUTUKSET SUOSIVAT SUURIA HOIVAYRITYKSIÃ¤PÃ¤Ã¤KIRJOITUKSETPÃ¤Ã¤KIRJOITUS VILKASTUVA MÃ¶KKIKAUPPA KERTOO HYVÃ¤Ã¤URHEILUJUKURIT JÃ¤I PISTEITTÃ¤ JYVÃ¤SKYLÃ¤SSÃ¤VADIM PERESKOKOVIN LÃ¤HTÃ¶ MAHDOLLINENAVAINJUTTUKULTTUURI VIIHDEKITAROITA KITARAN SOITTAMINEN PARASTA MINDFULNESSIA MIKKELILÃ¤ISET SOITTAJAT TUNNUSTAVAT PELISSÃ¤ HENKIMAAILMAN JUTTUJAURHEILUOIKAISU SAVONIAHIIHTO PERUTTU VUONNA LÃ¤HELLÃ¤VANGASJÃ¤RVEN RANTAAN OMAKOTITALOTONTTEJA PIEKSÃ¤MÃ¤ELLÃ¤ TONTTIKAUPAN TULEE KORPIMAISEMAAURHEILUJUKURIT VUOKRAA TEHOPAKIN SVEITSIINALEKSANDR JAKOVENKO PELAA LOPPUKAUDEN EHC BIELBIENNESSALÃ¤HELLÃ¤;1
 ILOITKAA KIIPEILIJÃ¤T MIKKELIIN AVATTIIN TOIVOTTU BOULDERSEINÃ¤ TÃ¤LLE KIIPEILYPIIREISSÃ¤ KOVAT ODOTUKSETLÃ¤HELLÃ¤;1
 MIKKELIN HIIPPAKUNNAN KIRKOLLISKOKOUSEDUSTAJAT VALITTU MIKKELISTÃ¤ JUVALTA NIMET TÃ¤STÃ¤LÃ¤HELLÃ¤;2
 MIKKELI NOSTI KOULUMATKOJEN TURVALLISUUDEN KUSTANNUSTEN EDELLE KATULAMPUT VALAISEVAT AAMUHÃ¤MÃ¤RÃ¤SSÃ¤ MYÃ¶HEMPÃ¤Ã¤NTALOUS;1
 RANTAMÃ¶KKIEN KAUPPOJA TEHTIIN VUOSIIN ETELÃ¤SAVOSSA HINTATASO KAIKISSA KUNNISSA LASKINÃ¤YTÃ¤ ARTIKKELEITALUETUIMMAT HUUSIMMAT HENKILÃ¶AUTO RUSIKOI PYSÃ¤KÃ¶ITYJÃ¤ AUTOJA MAAHERRANKADULLA MIKKELISSÃ¤POHJOISMAIDEN SUURIN KAHVILAKETJU ESPRESSO HOUSE AVAA KAHVILAN MIKKELIIN KAUPPAKESKUS AKSELIIN TULEVANA KESÃ¤NÃ¤LOPPUVIIKOSTA ODOTETTAVISSA KARKKISADETTA JUHLATUNNELMAA MIKKELISSÃ¤ JUVALLA KANGASNIEMELLÃ¤ PENKKARIREKAT KULKEVAT VANHAT TANSSITAANVANGASJÃ¤RVEN RANTAAN OMAKOTITALOTONTTEJA PIEKSÃ¤MÃ¤ELLÃ¤ TONTTIKAUPAN TULEE KORPIMAISEMAAAVAINJUTTUKAIHUNLAHTEEN ISTUTETTUJEN LOHIEN ROHMUAMINEN HARMITTAA KALASTAJAYHDISTYSTÃ¤ TOIVOMME OLISI ILOA KAIKILLE EIKÃ¤ MUUTAMILLEMIKKELIN HIIPPAKUNNAN KIRKOLLISKOKOUSEDUSTAJAT VALITTU MIKKELISTÃ¤ JUVALTA NIMET TÃ¤STÃ¤LÃ¤HES MILJOONAN EURON MATKAILUHANKE EURAHAA PUUMALAAN MATKAILUHANKE TOTEUTETAAN SUOMALAISVENÃ¤LÃ¤ISENÃ¤ YHTEISTYÃ¶NÃ¤AVAINJUTTUETELÃ¤SAVON KOULUTUS OY YTNEUVOTTELUT ARVIOITU VÃ¤HENNYSTARVE MIKKELISSÃ¤ PIEKSÃ¤MÃ¤ELLÃ¤ HENKILÃ¶TYÃ¶VUOTTAILOITKAA KIIPEILIJÃ¤T MIKKELIIN AVATTIIN TOIVOTTU BOULDERSEINÃ¤ TÃ¤LLE KIIPEILYPIIREISSÃ¤ KOVAT ODOTUKSETLUOTI MENI HIRVIMETSÃ¤LLÃ¤ VASAN OSUI TOISEEN PASSIMIEHEEN PIEKSÃ¤MÃ¤ELLÃ¤ AMPUJALLE TUOMIO METSÃ¤STYSRIKOKSESTANÃ¤YTÃ¤ KAIKKIMIELIPIDEPÃ¤Ã¤KIRJOITUKSETPÃ¤Ã¤KIRJOITUS VILKASTUVA MÃ¶KKIKAUPPA KERTOO HYVÃ¤Ã¤TIMO LAITAKARIAVAINJUTTUKOLUMNIT;1
 MIKKELIN MÃ¶YHENTÃ¤JÃ¤ NOSTURI RAKENNUSTYÃ¶MAALLA KOMEA NÃ¤KY KERTOO SIITÃ¤ MIKKELISSÃ¤ TAPAHTUUANSSI MEHTÃ¤LÃ¤LUE MIELIPITEETLUETUIMMATHENKILÃ¶AUTO RUSIKOI PYSÃ¤KÃ¶ITYJÃ¤ AUTOJA MAAHERRANKADULLA MIKKELISSÃ¤POHJOISMAIDEN SUURIN KAHVILAKETJU ESPRESSO HOUSE AVAA KAHVILAN MIKKELIIN KAUPPAKESKUS AKSELIIN TULEVANA KESÃ¤NÃ¤LOPPUVIIKOSTA ODOTETTAVISSA KARKKISADETTA JUHLATUNNELMAA MIKKELISSÃ¤ JUVALLA KANGASNIEMELLÃ¤ PENKKARIREKAT KULKEVAT VANHAT TANSSITAANVANGASJÃ¤RVEN RANTAAN OMAKOTITALOTONTTEJA PIEKSÃ¤MÃ¤ELLÃ¤ TONTTIKAUPAN TULEE KORPIMAISEMAAAVAINJUTTUKAIHUNLAHTEEN ISTUTETTUJEN LOHIEN ROHMUAMINEN HARMITTAA KALASTAJAYHDISTYSTÃ¤ TOIVOMME OLISI ILOA KAIKILLE EIKÃ¤ MUUTAMILLEMIKKELIN HIIPPAKUNNAN KIRKOLLISKOKOUSEDUSTAJAT VALITTU MIKKELISTÃ¤ JUVALTA NIMET TÃ¤STÃ¤LÃ¤HES MILJOONAN EURON MATKAILUHANKE EURAHAA PUUMALAAN MATKAILUHANKE TOTEUTETAAN SUOMALAISVENÃ¤LÃ¤ISENÃ¤ YHTEISTYÃ¶NÃ¤AVAINJUTTUETELÃ¤SAVON KOULUTUS OY YTNEUVOTTELUT ARVIOITU VÃ¤HENNYSTARVE MIKKELISSÃ¤ PIEKSÃ¤MÃ¤ELLÃ¤ HENKILÃ¶TYÃ¶VUOTTAILOITKAA KIIPEILIJÃ¤T MIKKELIIN AVATTIIN TOIVOTTU BOULDERSEINÃ¤ TÃ¤LLE KIIPEILYPIIREISSÃ¤ KOVAT ODOTUKSETLUOTI MENI HIRVIMETSÃ¤LLÃ¤ VASAN OSUI TOISEEN PASSIMIEHEEN PIEKSÃ¤MÃ¤ELLÃ¤ AMPUJALLE TUOMIO METSÃ¤STYSRIKOKSESTAUUSIMMAT UUTISETTURVE SYTTYI KULJETINRAKENNUKSEN LATTIALLA PIEKSÃ¤MÃ¤ELLÃ¤ HENKILÃ¶KUNTA SAMMUTTIJUKURIT VAHVISTI PERESKOKOVIN LÃ¤HDÃ¶N PURETTUJULIUS RANTAESKOLA LOPPUKAUDEKSI MIKKELIINPOHJOISMAIDEN SUURIN KAHVILAKETJU ESPRESSO HOUSE AVAA KAHVILAN MIKKELIIN KAUPPAKESKUS AKSELIIN TULEVANA KESÃ¤NÃ¤ESSOTE SAI MILJOONAN EURON TUEN KOTIHOIDON KEHITTÃ¤MISEENLUOTI MENI HIRVIMETSÃ¤LLÃ¤ VASAN OSUI TOISEEN PASSIMIEHEEN PIEKSÃ¤MÃ¤ELLÃ¤ AMPUJALLE TUOMIO METSÃ¤STYSRIKOKSESTAVADIM PERESKOKOV LÃ¤HTEE JUKUREISTA JATKOAJAN SUUNTANA SVEITSI JUKKA HOLTARI KIISTÃ¤Ã¤ SAMULI PIIPPOSEN SIIRRONKOLMELLE MIEHELLE LUETTIIN SYYTTEET LAPPEENRANNAN KULTAKELLON MURROSTA KOLMIKKO TUNNUSTI VARASTIVAT AUTON RISTIINASTAAVAINJUTTULEENA JUHA HANNUS MENETTIVÃ¤T AIKUISEN URHEILULLISEN POIKANSA YLLÃ¤TTÃ¤EN OLIN RAIVOISSANI HAKKASIN NYRKILLÃ¤ SEINÃ¤Ã¤MIKKELISSÃ¤ AVAUTUU VUODEN ALUSSA YLIOPPILAIDEN TERVEYDENHOITOSÃ¤Ã¤TIÃ¶N PALVELUPISTE PIEKSÃ¤MÃ¤ELLÃ¤ OPISKELIJOILLE PALVELUT HANKITAAN YHTEISTYÃ¶KUMPPANILTAPOLIISI NAPPASI AJOKORTITTOMAN MIEHEN RATISTA VUODEN PIEKSÃ¤MÃ¤ELLÃ¤HUUMEPIKATESTI OSOITTI AMFETAMIINIAKOMMENTOIDUTMIELIPIDE USKONNON OPETUKSEN TILALLE TARVITTAISIIN OPETUSTA USKONNOISTAMIKKELI VOISIKO URPOLAN KOULUN PUUSTANUORTEN OIKEITA VÃ¤YLIÃ¤ AJATUSTENSA JULKI TUOMISEEN MIKKELISSÃ¤ JÃ¤RJESTETÃ¤Ã¤N VITUTTAA ILTAAVAINJUTTUPUUKOULUA SELVITELLÃ¤Ã¤N TOTEUTUS EPÃ¤TODENNÃ¤KÃ¶ISELTÃ¤ BETONI PALOTURVALLINEN MATERIAALI KIINTEISTÃ¶JOHTAJA HUOMAUTTAAMIKKELIN SEUDUN TOIMIJAT LÃ¤HETTÃ¤VÃ¤T TUHANSIA YSTÃ¤VÃ¤NPÃ¤IVÃ¤KORTTEJA PÃ¤Ã¤KAUPUNKISEUDULLE TAVOITTEENA HOUKUTELLA UUSIA ASUKKAITAMIELIPIDE ALUEPOLITIIKASSA TARVITAAN TOIMIAASSELIT VIUHUMAAN MUUN ROSETTA SWEET NOORA KOO NÃ¤YTTÃ¤VÃ¤T VIIKONLOPPUNA MIKKELISSÃ¤ BURLESKIA ESITETÃ¤Ã¤NILOITKAA KIIPEILIJÃ¤T MIKKELIIN AVATTIIN TOIVOTTU BOULDERSEINÃ¤ TÃ¤LLE KIIPEILYPIIREISSÃ¤ KOVAT ODOTUKSETHELPOTUSTA HAMMASLÃ¤Ã¤KÃ¤RIPELKOON IKIOMA LUPAA NUKUTTAA POTILAATLÃ¤HES MILJOONAN EURON MATKAILUHANKE EURAHAA PUUMALAAN MATKAILUHANKE TOTEUTETAAN SUOMALAISVENÃ¤LÃ¤ISENÃ¤ YHTEISTYÃ¶NÃ¤LÃ¤NSISAVOTEKIJÃ¤NOIKEUDET KAAKON VIESTINTÃ¤ OYTEOLLISUUSKATU PL MIKKELI MIKKELIPUH;1
FI HYPPÃ¤Ã¤ SISÃ¤LTÃ¶Ã¶N YLE;1
FI AREENA URHEILU VALIKKO AREENA URHEILU SÃ¤Ã¤ TEKSTITV ARKISTO LAPSET RADIOOPAS TVOPAS KATSELE TVTÃ¤ OPPIMINEN KULTTUURI TIEDE SVENSKA NEWS NOVOSTI SPMI HAE KIRJAUDU OMAT TIEDOT KIRJAUDU TUOREIMMATLÃ¤HELTÃ¤ETELÃ¤KARJALAETELÃ¤POHJANMAAETELÃ¤SAVOKAINUUKANTAHÃ¤MEKESKIPOHJANMAAKESKISUOMIKYMENLAAKSOLAPPIPIRKANMAAPOHJANMAAPOHJOISKARJALAPOHJOISPOHJANMAAPOHJOISSAVOPÃ¤IJÃ¤THÃ¤MESATAKUNTAUUSIMAAVARSINAISSUOMIAHVENANMAAURHEILUSÃ¤Ã¤KOTIMAAULKOMAATTALOUSPOLITIIKKAKULTTUURIKOLUMNITLUONTOTIEDETERVEYSVIIHDELIIKENNEBLOGITLISÃ¤Ã¤ETUSIVUTUOREIMMATURHEILUSÃ¤Ã¤KOTIMAAULKOMAATTALOUSPOLITIIKKAKULTTUURIKOLUMNITLUONTOTIEDETERVEYSVIIHDELIIKENNEBLOGITUUTISET VIITTOMAKIELELLÃ¤UUTISET SELKOSUOMEKSINEWS IN ENGLISHNOVOSTI YLESVENSKA YLEYLE SPMIYLE UUDIZET KARJALAKSEYLE UUTISLUOKKAATEEMAYLEN AAMUASTUDIOPERJANTAIPUOLI SEITSEMÃ¤NTEKSTITVRSSSYÃ¶TTEETYHTEYSTIEDOTLÃ¤HELTÃ¤ETELÃ¤KARJALAETELÃ¤POHJANMAAETELÃ¤SAVOKAINUUKANTAHÃ¤MEKESKIPOHJANMAAKESKISUOMIKYMENLAAKSOLAPPIPIRKANMAAPOHJANMAAPOHJOISKARJALAPOHJOISPOHJANMAAPOHJOISSAVOPÃ¤IJÃ¤THÃ¤MESATAKUNTAUUSIMAAVARSINAISSUOMIAHVENANMAAKYMENLAAKSO TUOREIMMATKAAKKOISSUOMESSA KAADETTIIN VUONNA HIRVIÃ¤ EDELLISELLÃ¤ HIRVENMETSÃ¤STYSKAUDELLAHIEMAN PUOLET METSÃ¤STETYISTÃ¤ HIRVISTÃ¤ AIKUISIA;1
HIRVIEN METSÃ¤STYSKAUPUNKI HALUAA KAUPPAKESKUKSEN KULMALLE SUUREMMAN LUONNONSUOJELUALUEEN KOUVOLAN NIIVERMÃ¤EN LAAJENISI HEHTAARILLANIIVERMÃ¤EN LUONNONSUOJELUALUE SIJAITSEE KAUPPAKESKUS VETURIA;1
LUONNONSUOJELUALUEETJALKAPALLON EMFINAALI OSUU SAMAAN VIIKONLOPPUUN SUOMEN MOTOGPKISAN VENÃ¤JÃ¤LTÃ¤ ODOTETAAN VIISINUMEROISTA KATSOJAMÃ¤Ã¤RÃ¤Ã¤KYMIRINGIN MOTOGPVIIKONLOPPUUN AIKAA KUUKAUTTA;1
MOTOGPKAUPUNGINJOHTAJA JOUTUU PAKKOLOMALLE KOUVOLAN YLIN LOMAUTETAAN KESÃ¤LLÃ¤SÃ¤Ã¤STÃ¶PAINEISTA KÃ¤RSIVÃ¤ KOUVOLA LOMAUTTAA TÃ¤NÃ¤ VUONNA HENKILÃ¶STÃ¶NSÃ¤;1
LOMAUTUSTUTKIJA ITÃ¤MERI MAAILMAN SAASTUNEIN HYVÃ¤T OLIVATKINITÃ¤MERELLÃ¤ ONGELMANSA JOITA ILMASTON LÃ¤MPENEMINEN LISÃ¤Ã¤;1
ITÃ¤MERIMIELENTERVEYSONGELMIIN SAA APUA ILLALLA PSYKIATRISET SAIRAANHOITAJAT ALOITTIVAT PÃ¤IVYSTYKSEN KYMENLAAKSOSSATARKOITUKSENA MIELENTERVEYS PÃ¤IHDEONGELMISTA KÃ¤RSIVIÃ¤ AIEMPAA NOPEAMMIN;1
TERVEYDENHOITOPUUTARHANEUVOS HEIKKI LAAKSONEN SAI ELÃ¤MÃ¤NTYÃ¶STIPENDIN VIHERYMPÃ¤RISTÃ¶LIITTO MYÃ¶NSI TUNNUSTUKSEN ENSIMMÃ¤ISTÃ¤ KERTAAKAUPUNGINPUUTARHURI HEIKKI LAAKSOSEN VUOTISEN URAN AIKANA KOTKA MUUTTUNUT TODELLISEKSI PUUTARHAKAUPUNGIKSI;1
PUISTOTSUURI PUUTALO TUHOUTUI TULIPALOSSA KOTKASSA SAMMUTUSTYÃ¶T KESTIVÃ¤T ILTAMYÃ¶HÃ¤Ã¤NTULIPALO SYTTYI HOVINSAARELLA KESKIVIIKKONA PUOLEN PÃ¤IVÃ¤N AIKAAN;1
TULIPALOTVALKEALAN KIRJASTO SIIRTYY VÃ¤ISTÃ¶TILOIHIN KIRJASTO PURETAAN UUDEN MONITOIMITALON TIELTÃ¤KIRJASTO MUUTON SULJETTUNA KUUKAUDEN AJAN;1
KIRJASTOTVAARALLISEN SIKARUTON UHKA LAITTAA VILLISIKOJEN LIIKKEET TARKKAAN SYYNIIN TUTKIJAT ASENTAVAT VILLISIKOIHIN SEURANTALAITTEITASUOMEN VILLISIKAKANTA LUONNONVARAKESKUS LUKEN ARVION PIENENTYNYT VAJAAT PROSENTTIA;1
 AFRIKKALAISEN SIKARUTON LEVIÃ¤MISEEN VENÃ¤JÃ¤LTÃ¤ SUOMEEN SUURI;1
 VILLISIKA;1
RAKKAUTTA ANARKIAA ELOKUVAFESTIVAALI SAAPUU KOTKAAN MAALISKUUN LOPUSSAKIERTUE KIERTUEOHJELMISTON ENSIMMÃ¤ISTÃ¤ KERTAA KOTKASSA;1
ELOKUVAFESTIVAALIT;1
KOTKASSA PUUTALO VIEREINEN ROIHUSI VUOTTA SITTENPOLIISI PELASTUSLAITOS TUTKIVAT TULIPALON SYTTYMISSYYTÃ¤;1
TULIPALOT;1
LUOTTOTIEDOTON SIIVOOJA RYHTYI ASUNTOSIJOITTAJAKSI VUOKRAA ASUNTOAAN LUOTTOTIEDOTTOMILLEKULUTTAJALIITON ASUNNON OSTO VUOKRAUS MAHDOLLISTA LUOTTOTIETOJEN MENETYKSESTÃ¤ HUOLIMATTA;1
 SIJOITUSASUNNOT;1
UUSI RAIDEYHTEYS HELSINGISTÃ¤ ITÃ¤Ã¤N HALLITUSTA MINISTEREISTÃ¤ VETÃ¤ISI RAITEET KOTKAN KOUVOLAN KAUTTASELVITYSTYÃ¶ PARHAILLAAN KÃ¤YNNISSÃ¤ LIIKENNEMINISTERIÃ¶SSÃ¤;1
RAUTATIELIIKENNE;2
KOUVOLA LEIKKASI ELINKEINOYHTIÃ¶NSÃ¤ RAHOITUSTA MILJOONAA EUROA OTTI LOPPUTILINJOKA KYMMENES JÃ¤TTÃ¤NYT KINNON SÃ¤Ã¤STÃ¶PÃ¤Ã¤TÃ¶KSEN JÃ¤LKEEN;1
KOUVOLA;2
UUSI SELVITYS RAIDEHANKKEISTA ITÃ¤INEN RANTARATA VOISI SUOMEN KILPAILUKYKYÃ¤ EDISTÃ¤Ã¤ HIILINEUTRAALIUTTAKOTKAN TAVOITELLUT ITÃ¤ISTÃ¤ RANTARATAA KYMMENIÃ¤ VUOSIA;1
KYMENLAAKSO SAI YRITTÃ¤JYYS ALUETOIMISTON OPETTAJIA OPETTAMAAN TYÃ¶ELÃ¤MÃ¤N TAITOJAALUETOIMISTO AVAUTUI KOTKAAN HELMIKUUSSA;1
YRITTÃ¤JYYS;1
NORLANDIA OSTI AURINKOPOJAN PALOKANKAAN PÃ¤IVÃ¤KODIT KOUVOLASSAOMISTAJAA VAIHTANEISSA PÃ¤IVÃ¤KODEISSA LASTA;1
PÃ¤IVÃ¤HOITO;1
YÃ¶ LAKON PAPERI SELLUTEHTAISSA PITKÃ¤LLE PÃ¤Ã¤STY NAPPIA PAINAMALLA LÃ¤HDEPAPERIKONEET SAADAAN KÃ¤YNTIIN VUOROKAUDESSA;1
 SELLUNKEITON VALMISTELUTYÃ¶T OTTAVAT PIDEMPÃ¤Ã¤N;1
PAPERITEOLLISUUS;2
 SAI TUOMION LAAJASSA NUUSKAN SALAKULJETUSJUTUSSA SATOJEN TUHANSIEN EUROJEN KORVAUKSETRUOTSISTA SALAKULJETETTUA NUUSKAA MYYTIIN PUOLILLA SUOMEA;1
 SALAKULJETUS;1
ANDRITZ SAI ISON TILAUKSEN LAITTEET UPMN UUDELLE EUKALYPTUSSELLUTEHTAALLESELLUTEHTAAN KÃ¤YNNISTYÃ¤ VUODEN URUGUAYSSA JÃ¤LKIPUOLISKOLLA;1
KOTKAN TAPAHTUMAKESKUKSELLE VIHREÃ¤Ã¤ VALOA HINNANNOUSUSTA HUOLIMATTA HOTELLIN SUUNNITTELU ALKAAKANTASATAMAAN NOUSEVAN TAPAHTUMAKESKUKSEN YLITTYMÃ¤SSÃ¤ PROSENTILLA;1
 TAPAHTUMAHALLIT AREENAT;1
KOUVOLA HYVÃ¤KSYI JÃ¤TTITERMINAALIN LAAJENTAMISEN TOISEN VAIHEEN RAKENNUSTYÃ¶T KÃ¤YNTIIN PARIN VUODEN KULUTTUALAAJENNUSALUEEN KUSTANNUSARVIO MILJOONAA EUROA;1
LOGISTIIKKA;1
 ASUKKAAN PIKKUKYLÃ¤ SAI UNELMIENSA JÃ¤TTIPOTIN VUOSIKAUSIA SUUNNITELTU KANAVA VALMISTUU VAIKUTUKSET NÃ¤KYVÃ¤T JOKESÃ¤LLÃ¤ VALMISTUVA KIMOLAN KANAVA AVAA VENEREITIN KYMIJOELTA PÃ¤IJÃ¤NTEELLE;1
KANAVAT;1
KOUVOLA HALUAA MATALAN KYNNYKSEN LIIKUNTAPAIKKOJA SUUNNITTELEE UUDENLAISIA ULKOLIIKUNTAALUEITATARKOITUKSENA MATALAN KYNNYKSEN LIIKUNTAPAIKKOJA JOISTA TARVITSE VARATA VUOROJA;1
ULKOLIIKUNTATILAT;1
PAPERIMIEHET PALAAVAT TÃ¶IHIN YÃ¶VUOROON LAKKOKYLTIT RIISUTAAN AMMATTIOSASTON HELPOTUS ONPAPERILIITTO METSÃ¤TEOLLISUUS HYVÃ¤KSYIVÃ¤T MAANANTAINA VALTAKUNNANSOVITTELIJAN TEKEMÃ¤N SOVINTOEHDOTUKSEN TYÃ¶EHTOKIISTAAN;1
PAPERITYÃ¶NTEKIJÃ¤T;1
ISO PAPERITEHDAS SEISOO KOLMATTA VIIKKOA AMMATTIOSASTON MIELUUMMIN KATSOTAAN LOPPUUN TUSKAILLAAN HUONON SOPIMUKSEN KANSSAPAPERILIITON METSÃ¤TEOLLISUUS RYN TYÃ¶EHTOKIISTAN SOVINTOESITYKSEEN ODOTETAAN VASTAUKSIA MAANANTAINA;1
LAKOT;1
PORAKONEISTA KIRJASTOJEN HITTI JOSSAIN VAIHEESSA TUNTUI OLIVAT LAINASSA KAIKKEA KIRJASTOSTA LAINATAKIRJASTOJEN VALIKOIMAT OVAT MONIPUOLISTUNEET PUOLILLA SUOMEA;1
 KIRJASTOT;1
OLIKS KOULUPÃ¤IVÃ¤ POLIISIN KOOSTETTU GROOMINGCHAT TAITAVASTI HYVÃ¤KSIKÃ¤YTTÃ¤JÃ¤ PUNOO LAPSEN VERKKOONSANUORI VÃ¤LTTÃ¤MÃ¤TTÃ¤ TIEDÃ¤ MUKAVALTA VAIKUTTANUT TUTTAVUUS PYYTELEMÃ¤Ã¤N PALJASTAVIA KUVIA;1
 PELKO NUORTA KERTOMASTA ASIASTA AIKUISELLE;1
GROOMING SEKSUAALIRIKOS;1
VIROLAHDEN KUNNANTOIMISTO LINJAAUTOASEMALLE TILOJEN MUUTOSTYÃ¶T MAKSAVAT SATOJA TUHANSIAVIROLAHDEN KUNNANTALON SIJAITSEVA VIRASTOTALO POISTUMASSA KÃ¤YTÃ¶STÃ¤ HUONON SISÃ¤ILMAN TAKIA;1
RAKENNUKSET;2
IITTI PYYSI YHTEISYRITYKSEEN PÃ¤IJÃ¤THÃ¤MEEN HYVINVOINTIYHTYMÃ¤N UUDISTUS LAAJENEE KOLMANTEEN KUNTAANHYVINVOINTIYHTYMÃ¤ IITIN OTTAMISTA JÃ¤RKEVÃ¤NÃ¤ RATKAISUNA;1
 TERVEYSPALVELUT;2
VIERASKIELISTEN SUOMEN KIELEN TAITOA HALUTAAN KOTKASSA KIELIKAHVILAKAHVILATOIMINTAAN ETSITÃ¤Ã¤N PARHAILLAAN VAPAAEHTOISIA KESKUSTELIJOITA;1
 KIELITAITO;1
TÃ¤LLAISTA INTISSÃ¤ OIKEASTI YLE KARJALAN PRIKAATISSA TORSTAIPÃ¤IVÃ¤N YLEN TOIMITUS RANTAUTUU KARJALAN PRIKAATIIN KOUVOLAN VEKARANJÃ¤RVELLLE TORSTAINA TARJOAA TUNNELMIA AAMUVARHAISESTA ILLANSUUHUN SAAKKA;1
 VEKARANJÃ¤RVI KOUVOLA;2
PAPERIKAUPPIAS SUUNNITTELI ERIKOISEN TEHDASHALLIN SORTUMISVAARASSA HISTORIALLISEN RAKENNUKSEN PURKAMISESTA SYNTYI KIISTAVANHAA PAHVIKUIVAAMOA PIDETTY VALTAKUNNALLISESTI TÃ¤RKEÃ¤NÃ¤ ESIMERKKINÃ¤ VARHAISESTA PUUNJALOSTUSTEOLLISUUDESTA SUOMESSA;1
HÃ¤PEÃ¤ IHOONGELMISTA SULKEE NAISIA KOTIINSA VUOTIAS LINDA MIELONEN KÃ¤RSII AKNESTA FINNIT MEIKILLÃ¤AKNEA ESIINTYY NUORUUSIÃ¤SSÃ¤ JOSSAIN MÃ¤Ã¤RIN PROSENTILLA PUOLELLA JATKUU AIKUISIÃ¤LLÃ¤;1
IHO;1
UUSI PÃ¤IVYSTYSAPUPUHELIN SOI TIHEÃ¤Ã¤N KYMENLAAKSOSSA PÃ¤IVISIN OLLUT RUUHKAAKYMSOTE OTTI UUDEN PÃ¤IVYSTYSAPUPUHELIMEN KÃ¤YTTÃ¶Ã¶N JOULUKUUN PUOLIVÃ¤LISSÃ¤;1
 PUHELINPALVELUT;1
HAMINAN SATAMAAN TULOSSA SADAN MILJOONAN EURON JÃ¤TTIINVESTOINTI JALOSTAA MÃ¤NTYÃ¶LJYÃ¤ BIODIESELIN TUOTANTOONFINTOIL OY AIKOO TYÃ¶LLISTÃ¤Ã¤ HAMINASSA HENKEÃ¤;1
BIOTUOTETEHTAAT;1
KOUVOLA KILPAILUN MATKAKESKUKSEN KORTTELIN KEHITTÃ¤MISEKSI HÃ¶YRYVETURI RUUHVELTTI SAA VÃ¤ISTYÃ¤ RAKENNUKSEN TIELTÃ¤KOUVOLA PYRKINYT KEHITTÃ¤MÃ¤Ã¤N MATKAKESKUKSEN ALUETTA PITKÃ¤Ã¤N;1
RAKENTAMINEN;1
UUDESSA PYHTÃ¤Ã¤NLINNASSA MAALISKUUSSA RAVINTOLA TYÃ¶LLISTÃ¤Ã¤ HENKILÃ¶Ã¤RAVINTOLAA RYHTYY PYÃ¶RITTÃ¤MÃ¤Ã¤N KOTKAN SAARET OY;1
RAVINTOLAT;1
NYT VARMAA VIROLAHDEN MIEHIKKÃ¤LÃ¤N SOTEKESKUS TULEE VIROLAHDELLE MIEHIKKÃ¤LÃ¤Ã¤N TULEE SUPPEAMPI PALVELUPISTE;1
UUSPERHEEN SAI TARPEEKSEEN HÃ¤LINÃ¤STÃ¤ PAKKASI KASSIN LÃ¤HTI TAUOLLE YKSIÃ¶Ã¶NSÃ¤ MUUTKIN HALUAVAT LAINATA SITÃ¤ OLLAKSEEN RAUHASSAYKSIN OLEMISEEN JÃ¤Ã¤ NYKYPÃ¤IVÃ¤NÃ¤ AIKAA;1
 KOTKALAINEN KATRI PENTTI KEHITTI ASIAAN LUOVAN RATKAISUN;1
VAPAAAIKA;1
VEKARANJÃ¤RVELLÃ¤ PALOI PUOLIJOUKKUETELTTA VARUSMIEHET SELVISIVÃ¤T SÃ¤IKÃ¤HDYKSELLÃ¤PALON SYTTYMISSYY TIEDOSSA ;1
LUMI RÃ¤NTÃ¤SADE TEKEE AJOKELISTÃ¤ VAIKEAN AUTOA AJOI NOKKAKOLARIN LANKILANTIELLÃ¤ KOTKASSAAJOKELI KYMENLAAKSOSSA TÃ¤NÃ¤ AAMUNA HUONO;1
LIIKENNESÃ¤Ã¤;1
NÃ¤IN KAUPUNGIN VALTAVA RAHAPULA KONKRETISOITUU ASUKKAILLE UIMAHALLIT KIRJASTOT VIIKKOKAUSIKSI KESÃ¤LLÃ¤ KOUVOLASSAOPETTAJIEN AMMATTIJÃ¤RJESTÃ¶ OAJ VASTUSTANUT OPETTAJIEN LOMAUTUKSIA TIUKASTI;1
LOMAUTUS;1
KOHUTUN JÃ¤TTITERMINAALIN KEHITTÃ¤MINEN JATKUU KOUVOLASSA OSTAMASSA EUROLLA TONTTIMAATA YRITYKSILLERAKENTEILLA OLEVASSA TERMINAALISSA VOIDAAN TULEVAISUUDESSA LASTATA PURKAA KILOMETRIN MITTAISIA JUNIA;1
KONTTIKULJETUS;1
IHMISILLE MARKKINOIDAAN PAINAVAMPIA HULAVANTEITA EIVÃ¤T KAIKILLE TURVALLISIA TÃ¤Ã¤LTÃ¤ SOPIIKO HULAVANNE SINULLETUTKIMUKSEN VALOSSA HULAVANNETTA PIDETÃ¤Ã¤N VYÃ¶TÃ¤RÃ¶LIHAVIEN JUTTUNA;1
 URHEILUVAMMAT;1
KOUVOLA PERUI PAKOLAISPÃ¤Ã¤TÃ¶KSENSÃ¤ OTAKAAN PAKOLAISIAKOUVOLAAN AIOTAAN JATKOSSAKIN KIINTIÃ¶PAKOLAISTA VUODESSA;1
PAKOLAISET;1
MONET LAJIT HÃ¤TÃ¤Ã¤ KÃ¤RSIMÃ¤SSÃ¤ SUOMEA METSÃ¤Ã¤ HAKATTU LIIKAAPUUSTON SUOMEN METSISSÃ¤ JATKUVASTI LUONNON MONIMUOTOISUUS KÃ¤RSII LISÃ¤Ã¤NTYVISTÃ¤ HAKKUISTA;1
HAKKUUT;1
TÃ¤Ã¤LTÃ¤ IHMISET OSTAVAT ASUNNON PILKKAHINTAAN EUROA LIIKAA KOTKASSA KOUVOLASSAASUNTOJEN HINTOJEN LASKU JYRKINTÃ¤ KYMENLAAKSOSSA;1
ASUNTOJEN HINNAT;1
KOUVOLAN MIINUS LYHENI TAPPIOTA TULOSSA MILJOONAAPAHIMMILLAAN NÃ¤YTTI ALIJÃ¤Ã¤MÃ¤Ã¤ KERTYY MILJOONAA;1
NÃ¤YTÃ¤ LISÃ¤Ã¤PÃ¤Ã¤UUTISETPÃ¤Ã¤MINISTERI MARIN KYSELYTUNNILLA HALLITUKSEN AVUSTAJIEN MÃ¤Ã¤RÃ¤Ã¤ TODENNÃ¤KÃ¶ISESTI LASKETAANEDUSKUNNAN KYSELYTUNNILLA VÃ¤Ã¤NNETTIIN HALLITUKSEN AVUSTAJIEN MÃ¤Ã¤RÃ¤STÃ¤;1
 KYSELYTUNTI EDUSKUNTAANALYYSI EUROOPPALAINEN PUHUKOON TRUMP PUHUU HUAWEITA BOIKOTOIDATEOLLISUUS PELKÃ¤Ã¤ KIINAN KOSTOTOIMIA OPERAATTORIT KILPAILUN HYYTYMISTÃ¤ JUHAMATTI MÃ¤NTYLÃ¤;1
VERKKOVALMISTAJATSIIRTÃ¤Ã¤KÃ¶ KREIKASTA ALAIKÃ¤ISIÃ¤ TURVAPAIKANHAKIJOITA SISÃ¤MINISTERIÃ¶ SELVITTI KOKOSIMME KYSYMYSTÃ¤ VASTAUSTAKESKUSTA IHMETTELEE VIHREIDEN OHISALO NOSTI SYKSYLLÃ¤ VALMISTELLUN ASIAN JULKI;1
TURVAPAIKANHAKU KYMEN SANOMATTORSTAI ;1
SULO SULHOETUSIVUVALIKKOTILAAVALIKKOETUSIVU ETUSIVU VALIKKOLÃ¤HELLÃ¤ KOTIMAA TALOUS KULTTUURI VIIHDE URHEILU JUTTUVINKKI TEEMAT VALIKKOKOTI JUOMA LAIVAT FINGERPORI MEIDÃ¤N MENOT KAUPALLINEN YHTEISTYÃ¶ VERKKOKAMERAT MUISTOKIRJOITUKSET VALIKKOPÃ¤Ã¤KIRJOITUKSET KOLUMNIT LUKIJALTA TEKSTARIT JÃ¤TÃ¤ TAPAHTUMAT NÃ¤KÃ¶ISLEHTI VALIKKOTILAAASIAKASPALVELU VALIKKOTEE TILAUS JAKELUNKESKEYTYS VAKITUINEN OSOITTEENMUUTOS TILAPÃ¤INEN OSOITTEENMUUTOS JÃ¤TÃ¤ YHTEYSTIEDOT YRITYSASIAKKAAT ANNA PALAUTETTA KIRJAUDU VALIKKOOLETKO UNOHTANUT SALASANASILUO TUNNUKSET AKTIVOI DIGITAALISET PALVELUT TÃ¤STÃ¤KIRJAUDU VALIKKOOLETKO UNOHTANUT SALASANASILUO TUNNUKSET AKTIVOI DIGITAALISET PALVELUT TÃ¤STÃ¤ASIAKASPALVELUTILAA KYMEN SANOMAT YSTÃ¤VÃ¤NPÃ¤IVÃ¤N TARJOUSHINTAAN ALKAEN KKOTSIKOISSAKESKIVIIKKONA PALANEESSA RUUNUNMAANKADUN PUUKERROSTALOSSA SYTTYÃ¤ PIENIÃ¤ PALOJA TÃ¤NÃ¤Ã¤NTILAAJALLETILAAJALLEKOTIMAAKOTKALAISET LEENA JUHA HANNUS MENETTIVÃ¤T AIKUISEN URHEILULLISEN POIKANSA YLLÃ¤TTÃ¤EN OLIN RAIVOISSANI HAKKASIN NYRKILLÃ¤ SEINÃ¤Ã¤SURUTUTKIJA MARI PULKKINEN SANOO ETTEI SURULLA KAAVAA EIKÃ¤ SIITÃ¤ TARVITSE PYRISTELLÃ¤ EROON;1
 SURUSSA HÃ¤NEN MUKAANSA VIIPYÃ¤ KOKEMUKSENA JÃ¤Ã¤ IHMISEEN TAPAUKSESSA;1
KATARIINA HAKANIEMI TEEMASUOMALAINENAIHEETTIEDESURUSURUAIKALÃ¤HELLÃ¤KOTKAN PERUSTAMASSA KOTKAN TAPAHTUMAKESKUS OYNYHTIÃ¶N TARKOITUKSENA TILAA TAPAHTUMIEN JÃ¤RJESTÃ¤JILLELÃ¤HELLÃ¤PYHTÃ¤Ã¤N JOHTAVAT VIRKAMIEHET SAAMASSA TULOSPALKKIONSA KUNNANHALLITUS KÃ¤SITTELEE ASIAA SEURAAVASSA KOKOUKSESSAANLÃ¤HELLÃ¤KAUNISSAAREN VESIJOHTO LUVANHAKUVAIHEESSA MERENPOHJAAN TULEE KILOMETRIÃ¤ PUTKEALUETUIMMAT HUUSIMMAT KOMMENTOIDUT HTULI TUHOSI RUUNUNMAANKADUN PUUKERROSTALON SAMAAN KUNTOON NAAPURITALON VUOTTA TÃ¤LLÃ¤ KERTAA VÃ¤LTYTTIIN HENKILÃ¶VAHINGOILTAKOTKAN GIGANTTI AVAUTUU UUDESSA OSOITTEESSA TORSTAINA AAMUKAHDEKSALTA AVAJAISHULINAA TORSTAISTA LAUANTAIHIN LAUANTAINA TARJOTAAN POSSOJAAVAINJUTTUKÃ¤RÃ¤JÃ¤OIKEUS MÃ¤Ã¤RÃ¤SI LEIKARI RAVINTOLAT OYN MAKSAMAAN VELKANSA YHTIÃ¶N MAKSETTAVAKSI TULEVAT VASTAPUOLEN OIKEUDENKÃ¤YNTIKULUTENTINEN OSUUSPANKIN KOTKASSA VAATISI TÃ¤YDELLISEN PERUSKORJAUKSEN KIINTEISTÃ¶Ã¤ HALLINNOIVALLA YITLLÃ¤ SUURTA MIELENKIINTOA RAKENNUKSEN KUNNOSTUKSEEN TÃ¤LLÃ¤ HETKELLÃ¤KOTKAN KAUPUNGINPUUTARHURI HEIKKI LAAKSONEN SAA VIHERYMPÃ¤RISTÃ¶LIITON ELÃ¤MÃ¤NTYÃ¶STIPENDIN LAJINAHAN MARATONNÃ¤YTÃ¤ LISÃ¤Ã¤LÃ¤HELLÃ¤PELASTAJILLA OLTAVA TILAA TYÃ¶SKENNELLÃ¤ LIIKENNEONNETTOMUUSPAIKAN LUONA HILJENTÃ¤Ã¤ VAUHTIA KUVAAMATTALÃ¤HELLÃ¤KAAKKOISSUOMESSA SAALIIKSI HIRVEÃ¤ TAMMIKUUSSA PÃ¤Ã¤TTYNEELLÃ¤ HIRVENMETSÃ¤STYSKAUDELLAAVAINJUTTULÃ¤HELLÃ¤KOTKASSA TOIMIVAN MIEKUN MUUTOKSET IHMETYTTÃ¤VÃ¤T MIELENTERVEYS PÃ¤IHDEASIAKKAITATIETO MUUTTUNEISTA PALVELUISTA TAVOITTANUT KAIKKIALÃ¤HELLÃ¤KESKIVIIKKONA PALANEESSA RUUNUNMAANKADUN PUUKERROSTALOSSA SYTTYÃ¤ PIENIÃ¤ PALOJA TÃ¤NÃ¤Ã¤NAVAINJUTTULÃ¤HELLÃ¤HAMINAASUNNOT NÃ¶YRTYI NOUDATTAMAAN VALTUUSTON RAKENNUTTAA VUOKRATALON TERVASAARELLE RAKENTAMINEN KESÃ¤KUUSSAKAUPALLINEN YHTEISTYÃ¶ LÃ¤HITAPIOLANÃ¤IN KOTISEUDULLASI SAIRASTETAAN KANSANSAIRAUS SINUA UHKAASUOMEN PUOLIN VOIDAAN TAVOIN;1
AVAINJUTTULÃ¤HELLÃ¤HAMINANKOTKAN SATAMAJUTUSSA NOSTETTU YHTÃ¤KÃ¤Ã¤N SYYTETTÃ¤SYYTTÃ¤JÃ¤N NÃ¤YTTÃ¶Ã¤ ESIMERKIKSI VÃ¤Ã¤RÃ¤STÃ¤ ILMIANNOSTA OLLUTPÃ¤Ã¤KIRJOITUKSETPÃ¤Ã¤KIRJOITUS MIEKUN MUUTOKSISTA VAIKEAA PERILLÃ¤TEKSTARITTEKSTARIT KYLTITYKSISSÃ¤ OLISI ENEMMÃ¤NKIN PARANTAMISEN VARAAURHEILUPELIKARHUT ANTANUT CATZILLE MAHDOLLISUUKSIA VOITTI PÃ¤Ã¤TÃ¶SNELJÃ¤NNEKSEN PERÃ¤TI MENOA ROMAHDUSLÃ¤HELLÃ¤PEURA KUOLI KOLARISSA PÃ¤Ã¤TYI HINAUKSEENLÃ¤HELLÃ¤KOTKAN KAUPUNGINPUUTARHURI HEIKKI LAAKSONEN SAA VIHERYMPÃ¤RISTÃ¶LIITON ELÃ¤MÃ¤NTYÃ¶STIPENDIN LAJINAHAN MARATONKULTTUURI VIIHDERAKKAUTTA ANARKIAA FESTIVAALI SAAPUU MAALISKUUSSA KOTKAAN KINOPALATSISSA ESITETÃ¤Ã¤N KANSAINVÃ¤LISTÃ¤ ELOKUVAA KOLMEN PÃ¤IVÃ¤N AIKANA NORJALAINEN MUSIIKKIDOKUMENTTILUKIJALTALUKIJALTA YLEISSIVISTYS ARVOON YMMÃ¤RRYSTÃ¤ OIKEITA ARVOVALINTOJA PÃ¤Ã¤TÃ¶KSIÃ¤LÃ¤HELLÃ¤;1
 HIIPPAKUNNAN KIRKOLLISKOKOUSEDUSTAJAT VALITTU MINNI KUISMA KOTKAKYMISTÃ¤ VALITTIIN KIRKON YLIMPÃ¤Ã¤N PÃ¤Ã¤TTÃ¤VÃ¤Ã¤N ELIMEEN NIMET TÃ¤STÃ¤LÃ¤HELLÃ¤;1
 TUHOSI RUUNUNMAANKADUN PUUKERROSTALON SAMAAN KUNTOON NAAPURITALON VUOTTA TÃ¤LLÃ¤ KERTAA VÃ¤LTYTTIIN HENKILÃ¶VAHINGOILTAAVAINJUTTULÃ¤HELLÃ¤;1
 JÃ¤Ã¤KIEKKOKAUKALOA MUISTUTTAVA VILLISIKALOUKKU TOIMII SIKAA MENNYT ANSAANLÃ¤HELLÃ¤ENTINEN OSUUSPANKIN KOTKASSA VAATISI TÃ¤YDELLISEN PERUSKORJAUKSEN KIINTEISTÃ¶Ã¤ HALLINNOIVALLA YITLLÃ¤ SUURTA MIELENKIINTOA RAKENNUKSEN KUNNOSTUKSEEN TÃ¤LLÃ¤ HETKELLÃ¤LÃ¤HELLÃ¤;1
 OIKAISU KOTKAN GIGANTISSA JAETAAN ARPOJA TORSTAISTA ALKAEN ILE VAINIO PÃ¤Ã¤PALKINNOT PERJANTAINA POSSOJA SAA LAUANTAINALÃ¤HELLÃ¤;1
 LIIKENNEVALOT OIKUTTELEVAT KOTKASSA MERITUULENTIEN MUSSALONTIEN RISTEYKSESSÃ¤ VIKAA SELVITETÃ¤Ã¤NLÃ¤HELLÃ¤;1
 TORSTAINA JUHLITAAN PENKKAREITA PERJANTAINA TANSSITAAN VANHOJEN TANSSIT ETELÃ¤KYMENLAAKSON LUKIOKOHTAISET AIKATAULUTLÃ¤HELLÃ¤;1
 KOTKAN GIGANTTI AVAUTUU UUDESSA OSOITTEESSA TORSTAINA AAMUKAHDEKSALTA AVAJAISHULINAA TORSTAISTA LAUANTAIHIN LAUANTAINA TARJOTAAN POSSOJAAVAINJUTTULÃ¤HELLÃ¤;1
 JUMALNIEMEN UUDEN JÃ¤TEASEMAN KÃ¤YNNISTYNYT MALLIKKAASTIKÃ¤VIJÃ¤MÃ¤Ã¤RÃ¤T OVAT POMPANNEET MEHEVÃ¤STI YLÃ¶SPÃ¤IN HEINSUON AJASTA LAAJEMMAT AUKIOLOAJAT OVAT SAANEET KIITOSTA ASIAKKAILTAPÃ¤Ã¤KIRJOITUKSET;1
 PÃ¤Ã¤KIRJOITUS LEUTO TOSIASIA MONIN TAVOINTEKSTARIT;1
 TEKSTARIT HAMINAN UIMAHALLIN VEDEN LÃ¤MPÃ¶TILAA PIDETÃ¤ RIITTÃ¤VÃ¤N LÃ¤MPIMÃ¤NÃ¤NÃ¤YTÃ¤ ARTIKKELEITALUETUIMMAT HUUSIMMAT TUHOSI RUUNUNMAANKADUN PUUKERROSTALON SAMAAN KUNTOON NAAPURITALON VUOTTA TÃ¤LLÃ¤ KERTAA VÃ¤LTYTTIIN HENKILÃ¶VAHINGOILTAKOTKAN GIGANTTI AVAUTUU UUDESSA OSOITTEESSA TORSTAINA AAMUKAHDEKSALTA AVAJAISHULINAA TORSTAISTA LAUANTAIHIN LAUANTAINA TARJOTAAN POSSOJAAVAINJUTTUKÃ¤RÃ¤JÃ¤OIKEUS MÃ¤Ã¤RÃ¤SI LEIKARI RAVINTOLAT OYN MAKSAMAAN VELKANSA YHTIÃ¶N MAKSETTAVAKSI TULEVAT VASTAPUOLEN OIKEUDENKÃ¤YNTIKULUTENTINEN OSUUSPANKIN KOTKASSA VAATISI TÃ¤YDELLISEN PERUSKORJAUKSEN KIINTEISTÃ¶Ã¤ HALLINNOIVALLA YITLLÃ¤ SUURTA MIELENKIINTOA RAKENNUKSEN KUNNOSTUKSEEN TÃ¤LLÃ¤ HETKELLÃ¤KOTKAN KAUPUNGINPUUTARHURI HEIKKI LAAKSONEN SAA VIHERYMPÃ¤RISTÃ¶LIITON ELÃ¤MÃ¤NTYÃ¶STIPENDIN LAJINAHAN MARATONVIIDEN AUTON KETJUKOLARI KOTKASSA AUTOISTA VAURIOITUI AJOKELVOTTOMAAN KUNTOON TÃ¶RMÃ¤YKSESSÃ¤AVAINJUTTUKOTKALAISET LEENA JUHA HANNUS MENETTIVÃ¤T AIKUISEN URHEILULLISEN POIKANSA YLLÃ¤TTÃ¤EN OLIN RAIVOISSANI HAKKASIN NYRKILLÃ¤ SEINÃ¤Ã¤PEURA KUOLI KOLARISSA PÃ¤Ã¤TYI HINAUKSEENTORSTAINA JUHLITAAN PENKKAREITA PERJANTAINA TANSSITAAN VANHOJEN TANSSIT ETELÃ¤KYMENLAAKSON LUKIOKOHTAISET AIKATAULUTKESKIVIIKKONA PALANEESSA RUUNUNMAANKADUN PUUKERROSTALOSSA SYTTYÃ¤ PIENIÃ¤ PALOJA TÃ¤NÃ¤Ã¤NNÃ¤YTÃ¤ KAIKKIMIELIPIDEPÃ¤Ã¤KIRJOITUKSETPÃ¤Ã¤KIRJOITUS MIEKUN MUUTOKSISTA VAIKEAA PERILLÃ¤ELINA VALTONENPÃ¤Ã¤KIRJOITUKSET;1
 PÃ¤Ã¤KIRJOITUS LEUTO TOSIASIA MONIN TAVOINANTTIJUSSI LARVIOLUE MIELIPITEETLUETUIMMATTULI TUHOSI RUUNUNMAANKADUN PUUKERROSTALON SAMAAN KUNTOON NAAPURITALON VUOTTA TÃ¤LLÃ¤ KERTAA VÃ¤LTYTTIIN HENKILÃ¶VAHINGOILTAKOTKAN GIGANTTI AVAUTUU UUDESSA OSOITTEESSA TORSTAINA AAMUKAHDEKSALTA AVAJAISHULINAA TORSTAISTA LAUANTAIHIN LAUANTAINA TARJOTAAN POSSOJAAVAINJUTTUKÃ¤RÃ¤JÃ¤OIKEUS MÃ¤Ã¤RÃ¤SI LEIKARI RAVINTOLAT OYN MAKSAMAAN VELKANSA YHTIÃ¶N MAKSETTAVAKSI TULEVAT VASTAPUOLEN OIKEUDENKÃ¤YNTIKULUTENTINEN OSUUSPANKIN KOTKASSA VAATISI TÃ¤YDELLISEN PERUSKORJAUKSEN KIINTEISTÃ¶Ã¤ HALLINNOIVALLA YITLLÃ¤ SUURTA MIELENKIINTOA RAKENNUKSEN KUNNOSTUKSEEN TÃ¤LLÃ¤ HETKELLÃ¤KOTKAN KAUPUNGINPUUTARHURI HEIKKI LAAKSONEN SAA VIHERYMPÃ¤RISTÃ¶LIITON ELÃ¤MÃ¤NTYÃ¶STIPENDIN LAJINAHAN MARATONVIIDEN AUTON KETJUKOLARI KOTKASSA AUTOISTA VAURIOITUI AJOKELVOTTOMAAN KUNTOON TÃ¶RMÃ¤YKSESSÃ¤AVAINJUTTUKOTKALAISET LEENA JUHA HANNUS MENETTIVÃ¤T AIKUISEN URHEILULLISEN POIKANSA YLLÃ¤TTÃ¤EN OLIN RAIVOISSANI HAKKASIN NYRKILLÃ¤ SEINÃ¤Ã¤PEURA KUOLI KOLARISSA PÃ¤Ã¤TYI HINAUKSEENTORSTAINA JUHLITAAN PENKKAREITA PERJANTAINA TANSSITAAN VANHOJEN TANSSIT ETELÃ¤KYMENLAAKSON LUKIOKOHTAISET AIKATAULUTKESKIVIIKKONA PALANEESSA RUUNUNMAANKADUN PUUKERROSTALOSSA SYTTYÃ¤ PIENIÃ¤ PALOJA TÃ¤NÃ¤Ã¤NUUSIMMAT UUTISETKOTKAN PERUSTAMASSA KOTKAN TAPAHTUMAKESKUS OYNYHTIÃ¶N TARKOITUKSENA TILAA TAPAHTUMIEN JÃ¤RJESTÃ¤JILLEPYHTÃ¤Ã¤N JOHTAVAT VIRKAMIEHET SAAMASSA TULOSPALKKIONSA KUNNANHALLITUS KÃ¤SITTELEE ASIAA SEURAAVASSA KOKOUKSESSAANKAUNISSAAREN VESIJOHTO LUVANHAKUVAIHEESSA MERENPOHJAAN TULEE KILOMETRIÃ¤ PUTKEAPELASTAJILLA OLTAVA TILAA TYÃ¶SKENNELLÃ¤ LIIKENNEONNETTOMUUSPAIKAN LUONA HILJENTÃ¤Ã¤ VAUHTIA KUVAAMATTAKAAKKOISSUOMESSA SAALIIKSI HIRVEÃ¤ TAMMIKUUSSA PÃ¤Ã¤TTYNEELLÃ¤ HIRVENMETSÃ¤STYSKAUDELLAAVAINJUTTUKOTKALAISET LEENA JUHA HANNUS MENETTIVÃ¤T AIKUISEN URHEILULLISEN POIKANSA YLLÃ¤TTÃ¤EN OLIN RAIVOISSANI HAKKASIN NYRKILLÃ¤ SEINÃ¤Ã¤KESKIVIIKKONA PALANEESSA RUUNUNMAANKADUN PUUKERROSTALOSSA SYTTYÃ¤ PIENIÃ¤ PALOJA TÃ¤NÃ¤Ã¤NAVAINJUTTUHAMINAASUNNOT NÃ¶YRTYI NOUDATTAMAAN VALTUUSTON RAKENNUTTAA VUOKRATALON TERVASAARELLE RAKENTAMINEN KESÃ¤KUUSSAAVAINJUTTUKOTKASSA TOIMIVAN MIEKUN MUUTOKSET IHMETYTTÃ¤VÃ¤T MIELENTERVEYS PÃ¤IHDEASIAKKAITATIETO MUUTTUNEISTA PALVELUISTA TAVOITTANUT KAIKKIAPÃ¤Ã¤KIRJOITUS MIEKUN MUUTOKSISTA VAIKEAA PERILLÃ¤KOMMENTOIDUTLUKIJALTA POLTTOAINEVERON KOROTUS NURINAA KESTÃ¤VÃ¤MPÃ¤Ã¤N AUTOILUUN PÃ¤Ã¤SEE NOPEAMMIN KONVERTOIMALLA NYKYISIÃ¤ AUTOJA BIOPOLTTOAINEITA HYÃ¶DYNTÃ¤VIKSIKOTKA MUUT RANNIKKOKUNNAT JULKAISIVAT OMAN RATARAPORTTINSA ETUAJASSASYYNÃ¤ RATAHANKKEIDEN KÃ¤SITTELYN ETENEMINEN VIESTINTÃ¤MINISTERIÃ¶SSÃ¤KOLUMNI SUOMEN SURKEIMMAT KUSKITLUKIJALTA MISTÃ¤ JOHTUU HALLITUKSEN VASTENMIELISYYS OMIEN KANSALAISTEMME ETUJEN RAHOITTAMISEENKESKUSTELU ITÃ¤ISISTÃ¤ RATAVAIHTOEHDOISTA KUUMENI VIIKONLOPPUNA KOTKASSA KOUVOLASSAKATSO VAIHTOEHDOT LINJAAVA KARTTALUKIJALTA YLEISSIVISTYS ARVOON YMMÃ¤RRYSTÃ¤ OIKEITA ARVOVALINTOJA PÃ¤Ã¤TÃ¶KSIÃ¤PÃ¤Ã¤KIRJOITUS LEUTO TOSIASIA MONIN TAVOINKOTKAN KAUPUNGINHALLITUS JOUTUI Ã¤Ã¤NESTÃ¤MÃ¤Ã¤N TAPAHTUMAKESKUKSESTATEKSTARIT HAMINAN UIMAHALLIN VEDEN LÃ¤MPÃ¶TILAA PIDETÃ¤ RIITTÃ¤VÃ¤N LÃ¤MPIMÃ¤NÃ¤KOTKAN KAUPUNGINHALLITUSKIN OSAA RAKKAUSVIIKKOON ALKAVA TEEMAVIIKKO NÃ¤KYY MUUN KIRJASTOISSA KAHVILOISSA RAVINTOLOISSAKYMEN SANOMATTEKIJÃ¤NOIKEUDET KAAKON VIESTINTÃ¤ OYKAUPPAKESKUS PASAATI KESKUSKATU PL KOTKAPUH;1
SULO SULHOETUSIVUVALIKKOTILAAVALIKKOETUSIVU ETUSIVU VALIKKOLÃ¤HELLÃ¤ KOTIMAA TALOUS KULTTUURI VIIHDE URHEILU JUTTUVINKKI TEEMAT VALIKKOKOTI LUONTOHAVAINNOT JUOMA VERKKOKAMERAT FINGERPORI KAUPALLINEN YHTEISTYÃ¶ MUISTOKIRJOITUKSET VALIKKOPÃ¤Ã¤KIRJOITUKSET KOLUMNIT LUKIJALTA KOMMENTIT PUHEENVUOROT LUKIJAN LYHYET JÃ¤TÃ¤ TAPAHTUMAT SAIMAA NÃ¤KÃ¶ISLEHTI VALIKKOTILAAASIAKASPALVELU VALIKKOTEE TILAUS JAKELUNKESKEYTYS VAKITUINEN OSOITTEENMUUTOS TILAPÃ¤INEN OSOITTEENMUUTOS JÃ¤TÃ¤ YHTEYSTIEDOT YRITYSASIAKKAAT ANNA PALAUTETTA KIRJAUDU VALIKKOOLETKO UNOHTANUT SALASANASILUO TUNNUKSET AKTIVOI DIGITAALISET PALVELUT TÃ¤STÃ¤KIRJAUDU VALIKKOOLETKO UNOHTANUT SALASANASILUO TUNNUKSET AKTIVOI DIGITAALISET PALVELUT TÃ¤STÃ¤ASIAKASPALVELUTILAA ITÃ¤SAVO YSTÃ¤VÃ¤NPÃ¤IVÃ¤N TARJOUSHINTAAN ALKAEN KKPUHEENAIHESAVONLINNAN SEUDUN KUNTIEN VALITSEMAN SOTESUUNNAN PIDETÃ¤Ã¤N MIELENILMAUS SUOSITTELEMMEKARJALAN PRIKAATIN SOTILASVALA SOTILASVAKUUTUS VALAPARAATI NÃ¤HDÃ¤Ã¤N PERJANTAINA ITÃ¤SAVON SIVULTA SUORANA LÃ¤HETYKSENÃ¤TILAAJALLETILAAJALLEKOTIMAAKATSO KUVATARJONTA VIDEO PENKKARIRIEMUSTA KIRKUKURKKUJA LENTÃ¤VIÃ¤ KARAMELLEJA TÃ¤TÃ¤ PENKKARIAJO SAVONLINNASSA SULKAVALLA RANTASALMELLAABITURIENTIT VETÃ¤VÃ¤T HENKEÃ¤ JUHLIVAT PÃ¤IVÃ¤N VERRAN KEVÃ¤Ã¤N KIRJOITUSTEN KOETUKSIA;1
ULLA YLISAARIAIHEETPENKKARITPENKINPAINAJAISETKOTIMAASAVONLINNAN TEHTAIDEN SEISOKKI JATKUU TEOLLISUUSLIITTO HYLKÃ¤SI MEKAANISEN METSÃ¤TEOLLISUUDEN SOVINTOEHDOTUKSEN TYYTYMÃ¤TÃ¶N KIKYTUNTIEN KORVAAMISEENAVAINJUTTUKOTIMAALEENA JUHA HANNUS MENETTIVÃ¤T AIKUISEN URHEILULLISEN POIKANSA YLLÃ¤TTÃ¤EN OLIN RAIVOISSANI HAKKASIN NYRKILLÃ¤ SEINÃ¤Ã¤AVAINJUTTULÃ¤HELLÃ¤SAVONLINNAN MÃ¤Ã¤RÃ¤Ã¤ OMISTAMILLEEN VESIALUEILLE YLIMÃ¤Ã¤RÃ¤ISIÃ¤ KALASTUSRAJOITUKSIA JUHA TASKINEN SIKSEEN NORPPAAN LIITTYVIEN IDEOITTEN KEHITTELYN KULTTUURIPÃ¤Ã¤KAUPUNKIVUOTEENLUETUIMMAT HUUSIMMAT KOMMENTOIDUT HSAVONLINNAN PIHLAJAVEDELTÃ¤ LÃ¶YTYI TALVIVERKKOON HUKKUNUT NAARASNORPPAAVAINJUTTUJORMA MATTINEN HALUAISI TÃ¶ITÃ¤ IRTISANOTTU TARKASTUSINSINÃ¶Ã¶RI EPÃ¤ILEE SAVONLINNAN KAUPUNKIA IKÃ¤SYRJINNÃ¤STÃ¤AVAINJUTTUTÃ¤MÃ¤ VIESTIMME MAAN HALLITUKSELLE SAVONLINNAN SEUDUN KUNTIEN VALITSEMAN SOTESUUNNAN PIDETÃ¤Ã¤N MIELENILMAUS KESKUSSAIRAALAN PIHALLAKASINONSAAREN HUONEISTOHOTELLEISTA HALUTAAN VIRALLISESTI ASUINKERROSTALOJAIS SAIMI HOYER KERTOO TORSTAINA TELEVISIOSSA VAKAVASTA SAIRAUDESTAAN TOIPUMISESTAANNÃ¤YTÃ¤ LISÃ¤Ã¤LÃ¤HELLÃ¤SAVONLINNAN LYSEON LUKIOLAISET KÃ¤VIVÃ¤T EUROPARLAMENTISSALÃ¤HELLÃ¤SANO SOMESSA MINKÃ¤ KERTOISIT MUMMOLLESIKIN NEUVO NUORILLE SOSIAALISEN MEDIAN KÃ¤YTTÃ¤JILLEAVAINJUTTULÃ¤HELLÃ¤JORMA MATTINEN HALUAISI TÃ¶ITÃ¤ IRTISANOTTU TARKASTUSINSINÃ¶Ã¶RI EPÃ¤ILEE SAVONLINNAN KAUPUNKIA IKÃ¤SYRJINNÃ¤STÃ¤LUKIJALTALUKIJALTA SÃ¤HKÃ¶SOPIMUKSEN HUIMA HINNANNOUSULUKIJAN LYHYETLUKIJAN LYHYET OSAA AUTOILIJOITA VAIVAA VAATIIKO VILKUN LIIKAA Ã¤LYLLISIÃ¤ FYYSISIÃ¤ VOIMIA PIKKISKAUPALLINEN YHTEISTYÃ¶ LÃ¤HITAPIOLANÃ¤IN KOTISEUDULLASI SAIRASTETAAN KANSANSAIRAUS SINUA UHKAASUOMEN PUOLIN VOIDAAN TAVOIN;1
AVAINJUTTULÃ¤HELLÃ¤POLIISI LÃ¤HTI ERILAISIIN HÃ¤LYTYSTEHTÃ¤VIIN SAVONLINNASSA VUONNA KERTAA POLIISITUTKINTAAN TULLEIDEN HUUMERIKOSTEN LISÃ¤Ã¤NTYI AIEMPAA VUOTTA VÃ¤KIVALTAISEMPIAKIN SAVONLINNASSA OLTIINPÃ¤Ã¤KIRJOITUKSETPÃ¤Ã¤KIRJOITUS RIKOSTILASTOT OVAT MURHEELLISTA LUETTAVAAURHEILUEI OLLUT KEUPASTA SAPKON VOITTAJAKSI RUNKOSARJASSA PÃ¤Ã¤VALMENTAJA PASI RÃ¤SÃ¤NEN VAATII VIELÃ¤KIN PAREMPAALÃ¤HELLÃ¤NÃ¤ITKÃ¶ LÃ¤HETTI TOIMITUSJOHTAJALLE HALVENTAVIA VIESTEJÃ¤ PIHLAJAVEDELTÃ¤ LÃ¶YTYI TALVIVERKKOON HUKKUNUT NORPPA SAVONLINNAN SEUDUN KUNTIEN VALITSEMAN SOTESUUNNAN PIDETÃ¤Ã¤N MIELENILMAUS MUUN JUTUT ITÃ¤SAVON UUTISKOOSTEESTALÃ¤HELLÃ¤IS SAIMI HOYER KERTOO TORSTAINA TELEVISIOSSA VAKAVASTA SAIRAUDESTAAN TOIPUMISESTAANAVAINJUTTULÃ¤HELLÃ¤LINNALAN SENIORIKESKUKSEN PULMA YLLÃ¤TTI SAVONLINNAN KAUPUNGIN PÃ¤Ã¤TTÃ¤JÃ¤TLÃ¤HELLÃ¤;1
 KASINONSAAREN HUONEISTOHOTELLEISTA HALUTAAN VIRALLISESTI ASUINKERROSTALOJAKULTTUURI VIIHDE;1
 LINNANNEIDOT JUHLII LAULAMALLAKOTIMAA;1
 TELIAN MOBIILIVERKOSSA VIKA KÃ¤YNNISTELLÃ¤ LAITTEITA UUDELLEENLÃ¤HELLÃ¤;1
 SULKAVALLE AVATTIIN KUNTALAISTEN OLOHUONE TAUSTALLA PERINTÃ¶ JONKA SULKAVAN SAI VUONNA AVAINJUTTULÃ¤HELLÃ¤KÃ¤Ã¤NTEENTEKEVÃ¤ UUDISTUS TOTEUTUNUT VAIVIHKAA HÃ¤TÃ¤PUHELUT PAIKANTUVAT ITSESTÃ¤Ã¤NAVAINJUTTULÃ¤HELLÃ¤;1
 VIESTIMME MAAN HALLITUKSELLE SAVONLINNAN SEUDUN KUNTIEN VALITSEMAN SOTESUUNNAN PIDETÃ¤Ã¤N MIELENILMAUS KESKUSSAIRAALAN PIHALLAKULTTUURI VIIHDE;1
 SINUSTA TANGOMAESTRO SAVONLINNASSA LAULETAAN ALKUKARSINNAT LAUANTAINA SAA KEN HALUAALÃ¤HELLÃ¤;1
 ABIT VALTAAVAT SAVONLINNAN KESKUSTAN TORSTAINA REITTIKARTTA TÃ¤STÃ¤AVAINJUTTULÃ¤HELLÃ¤;1
 JÃ¤Ã¤KIEKKOKAUKALOA MUISTUTTAVA VILLISIKALOUKKU TOIMIIVILLISIKOJEN PANNOITTAMINEN TODENNÃ¤KÃ¶ISESTI TULEVANA SYKSYNÃ¤URHEILU;1
 SAPKO TÃ¤LLÃ¤ VIIKOLLA KESKITTYNYT HIOMAAN VIISIKKOPELIÃ¤Ã¤N ILLALLA NÃ¤HDÃ¤Ã¤N OVATKO OPIT MENNEET PERILLE KEUPA TULEE TALVISALOONAVAINJUTTUKOTIMAA;1
 AMMUTTU LUOTI SATU PETRA MATSI HALLITSI UNIMAAILMAANSA LAPSENALÃ¤HELLÃ¤;1
 SAVONLINNAN PIHLAJAVEDELTÃ¤ LÃ¶YTYI TALVIVERKKOON HUKKUNUT NAARASNORPPANÃ¤YTÃ¤ ARTIKKELEITALUETUIMMAT HUUSIMMAT SAVONLINNAN PIHLAJAVEDELTÃ¤ LÃ¶YTYI TALVIVERKKOON HUKKUNUT NAARASNORPPAAVAINJUTTUJORMA MATTINEN HALUAISI TÃ¶ITÃ¤ IRTISANOTTU TARKASTUSINSINÃ¶Ã¶RI EPÃ¤ILEE SAVONLINNAN KAUPUNKIA IKÃ¤SYRJINNÃ¤STÃ¤AVAINJUTTUTÃ¤MÃ¤ VIESTIMME MAAN HALLITUKSELLE SAVONLINNAN SEUDUN KUNTIEN VALITSEMAN SOTESUUNNAN PIDETÃ¤Ã¤N MIELENILMAUS KESKUSSAIRAALAN PIHALLAKASINONSAAREN HUONEISTOHOTELLEISTA HALUTAAN VIRALLISESTI ASUINKERROSTALOJAIS SAIMI HOYER KERTOO TORSTAINA TELEVISIOSSA VAKAVASTA SAIRAUDESTAAN TOIPUMISESTAANAVAINJUTTULINNALAN SENIORIKESKUKSEN PULMA YLLÃ¤TTI SAVONLINNAN KAUPUNGIN PÃ¤Ã¤TTÃ¤JÃ¤TKAHDELLE RIVITALOLLE LÃ¶YTYI OSTAJAT RANTASALMELLAABIT VALTAAVAT SAVONLINNAN KESKUSTAN TORSTAINA REITTIKARTTA TÃ¤STÃ¤AVAINJUTTUALAINEN LÃ¤HETTI TOIMITUSJOHTAJALLE HALVENTAVIA VIESTEJÃ¤ ETELÃ¤SAVOSSAPOTKUT SAANUT VÃ¤ITTI NAISEN HALUNNEEN KOSTAA KARIUTUMISENHIIPPAKUNNAN KIRKOLLISKOKOUSEDUSTAJAT VALITTU NIMET TÃ¤STÃ¤NÃ¤YTÃ¤ KAIKKIMIELIPIDEPÃ¤Ã¤KIRJOITUKSETPÃ¤Ã¤KIRJOITUS RIKOSTILASTOT OVAT MURHEELLISTA LUETTAVAAJAANA RAUTIOTEIJONMAAPÃ¤Ã¤KIRJOITUKSET;1
 PÃ¤Ã¤KIRJOITUS TEHDÃ¤Ã¤N VALTIOSIHTEEREILLÃ¤TIMO LAITAKARILUE MIELIPITEETLUETUIMMATSAVONLINNAN PIHLAJAVEDELTÃ¤ LÃ¶YTYI TALVIVERKKOON HUKKUNUT NAARASNORPPAAVAINJUTTUJORMA MATTINEN HALUAISI TÃ¶ITÃ¤ IRTISANOTTU TARKASTUSINSINÃ¶Ã¶RI EPÃ¤ILEE SAVONLINNAN KAUPUNKIA IKÃ¤SYRJINNÃ¤STÃ¤AVAINJUTTUTÃ¤MÃ¤ VIESTIMME MAAN HALLITUKSELLE SAVONLINNAN SEUDUN KUNTIEN VALITSEMAN SOTESUUNNAN PIDETÃ¤Ã¤N MIELENILMAUS KESKUSSAIRAALAN PIHALLAKASINONSAAREN HUONEISTOHOTELLEISTA HALUTAAN VIRALLISESTI ASUINKERROSTALOJAIS SAIMI HOYER KERTOO TORSTAINA TELEVISIOSSA VAKAVASTA SAIRAUDESTAAN TOIPUMISESTAANAVAINJUTTULINNALAN SENIORIKESKUKSEN PULMA YLLÃ¤TTI SAVONLINNAN KAUPUNGIN PÃ¤Ã¤TTÃ¤JÃ¤TKAHDELLE RIVITALOLLE LÃ¶YTYI OSTAJAT RANTASALMELLAABIT VALTAAVAT SAVONLINNAN KESKUSTAN TORSTAINA REITTIKARTTA TÃ¤STÃ¤AVAINJUTTUALAINEN LÃ¤HETTI TOIMITUSJOHTAJALLE HALVENTAVIA VIESTEJÃ¤ ETELÃ¤SAVOSSAPOTKUT SAANUT VÃ¤ITTI NAISEN HALUNNEEN KOSTAA KARIUTUMISENHIIPPAKUNNAN KIRKOLLISKOKOUSEDUSTAJAT VALITTU NIMET TÃ¤STÃ¤UUSIMMAT UUTISETAVAINJUTTUKATSO KUVATARJONTA VIDEO PENKKARIRIEMUSTA KIRKUKURKKUJA LENTÃ¤VIÃ¤ KARAMELLEJA TÃ¤TÃ¤ PENKKARIAJO SAVONLINNASSA SULKAVALLA RANTASALMELLASAVONLINNAN TEHTAIDEN SEISOKKI JATKUU TEOLLISUUSLIITTO HYLKÃ¤SI MEKAANISEN METSÃ¤TEOLLISUUDEN SOVINTOEHDOTUKSEN TYYTYMÃ¤TÃ¶N KIKYTUNTIEN KORVAAMISEENAVAINJUTTULEENA JUHA HANNUS MENETTIVÃ¤T AIKUISEN URHEILULLISEN POIKANSA YLLÃ¤TTÃ¤EN OLIN RAIVOISSANI HAKKASIN NYRKILLÃ¤ SEINÃ¤Ã¤SAVONLINNAN LYSEON LUKIOLAISET KÃ¤VIVÃ¤T EUROPARLAMENTISSASANO SOMESSA MINKÃ¤ KERTOISIT MUMMOLLESIKIN NEUVO NUORILLE SOSIAALISEN MEDIAN KÃ¤YTTÃ¤JILLEAVAINJUTTUSAVONLINNAN MÃ¤Ã¤RÃ¤Ã¤ OMISTAMILLEEN VESIALUEILLE YLIMÃ¤Ã¤RÃ¤ISIÃ¤ KALASTUSRAJOITUKSIA JUHA TASKINEN SIKSEEN NORPPAAN LIITTYVIEN IDEOITTEN KEHITTELYN KULTTUURIPÃ¤Ã¤KAUPUNKIVUOTEENLUKIJALTA SÃ¤HKÃ¶SOPIMUKSEN HUIMA HINNANNOUSULUKIJAN LYHYET OSAA AUTOILIJOITA VAIVAA VAATIIKO VILKUN LIIKAA Ã¤LYLLISIÃ¤ FYYSISIÃ¤ VOIMIA PIKKISAVAINJUTTUPOLIISI LÃ¤HTI ERILAISIIN HÃ¤LYTYSTEHTÃ¤VIIN SAVONLINNASSA VUONNA KERTAA POLIISITUTKINTAAN TULLEIDEN HUUMERIKOSTEN LISÃ¤Ã¤NTYI AIEMPAA VUOTTA VÃ¤KIVALTAISEMPIAKIN SAVONLINNASSA OLTIINPÃ¤Ã¤KIRJOITUS RIKOSTILASTOT OVAT MURHEELLISTA LUETTAVAAKOMMENTOIDUTAVAINJUTTUON NAURETTAVAA PALKKOJAMME VIROON PUOLAAN VENÃ¤JÃ¤Ã¤N SANOO LAKON SEISAHTUNEIDEN WOODIN PUNKAHARJUN TEHTAIDEN PÃ¤Ã¤LUOTTAMUSMIES JANNE NAUKKARINENLUKIJALTA KIRKON RAAMATTUA SAA MUOKATA OMAN MIELEMME MUKAISEKSINÃ¤TKIN UUDEN KOULUN RAKENTAMISTA KOSKEVA VALITUS HYLÃ¤TTIIN HALLINTOOIKEUDEN SAANEE LAINVOIMAN KUUKAUDEN KULUTTUAAVAINJUTTULINNALAN SENIORIKESKUKSEN PULMA YLLÃ¤TTI SAVONLINNAN KAUPUNGIN PÃ¤Ã¤TTÃ¤JÃ¤TAVAINJUTTUTERVETULOA ANKKALINNA OLAVINLINNA VALMISKATSO KUVAT SAVONLINNA ILLUMINATION VALOA PIMEYTEEN IHANAN VAALEANPUNAINEN RAKKAUDEN SAVONLINNA TARJOAA VÃ¤RIVALOJEN MUUN MUUMIPAPAN RUNOUTTAAVAINJUTTUTÃ¤MÃ¤ VIESTIMME MAAN HALLITUKSELLE SAVONLINNAN SEUDUN KUNTIEN VALITSEMAN SOTESUUNNAN PIDETÃ¤Ã¤N MIELENILMAUS KESKUSSAIRAALAN PIHALLAAVAINJUTTUUUSI KÃ¤Ã¤NNE SAVONLINNAN SIVISTYSTOIMEN TYÃ¶SUOJELUILMOITUSKIISTASSA KAUPUNGINHALLITUKSEN ENEMMISTÃ¶N MIELESTÃ¤ ASIAA TUTKITTAVA LUOTTAMUSHENKILÃ¶N TIETOJENSAANTIOIKEUDEN NÃ¤KÃ¶KULMASTAKASINONSAAREN HUONEISTOHOTELLEISTA HALUTAAN VIRALLISESTI ASUINKERROSTALOJAISO TILAUS UPMLTÃ¤ SAVONLINNAN ANDRITZILTA LAITTEITA URUGUAYHINITÃ¤SAVOTEKIJÃ¤NOIKEUDET KAAKON VIESTINTÃ¤ OYOLAVINKATU PL SAVONLINNA SAVONLINNAPUH;1
