AVAINSANA;1
#KOTKA;35
TWITTERISSÃ¤;7
HAVAITSIMME;1
ETTEI;6
JAVASCRIPT;1
KÃ¤YTÃ¶SSÃ¤;2
SELAIMESSASI.;1
HALUAISITKO;5
VANHALLE;1
ALUSTALLE;1
SIIRRY;7
SISÃ¤LTÃ¶Ã¶N;4
ETUSIVU;8
SIVU.;2
TIETOJA;7
HAKULAUSEKE;1
ETSI;2
TALLENNETUT;2
HAUT;3
POISTA;7
KESKUSTELUSSA;12
VARMENNETTU;9
TILISUOJATUT;6
TWIITIT@;9
EHDOTETUT;2
KÃ¤YTTÃ¤JÃ¤T;14
BAHASA;2
INDONESIA;5
MELAYU;1
CATAL;1
ETINA;1
DANSK;2
DEUTSCH;2
ENGLISH;4
UK;1
ESPAOL;3
FILIPINO;1
FRANAIS;2
HRVATSKI;1
ITALIANO;4
MAGYAR;2
NEDERLANDS;2
NORSK;2
POLSKI;2
PORTUGUS;3
ROMN;5
SLOVENINA;3
SVENSKA;6
TING;2
VIT;9
TRKE;2
ONKO;3
SINULLA;16
TILI;8
KIRJAUDU;9
MUISTA;4
MINUT;2
UNOHDITKO;2
SALASANASI;10
REKISTERÃ¶IDY;7
KÃ¤YTTÃ¤MÃ¤LLÃ¤;1
PALVELUITA;15
HYVÃ¤KSYT;6
EVÃ¤STEIDEN;3
KÃ¤YTÃ¶N.;4
TOIMIMME;5
YHTEISTYÃ¶KUMPPANEIDEMME;1
KANSAINVÃ¤LISESTI;2
KÃ¤YTÃ¤MME;1
EVÃ¤STEITÃ¤;4
MUUN;13
TILASTOIHIN;1
MUKAUTTAMISEEN;2
MAINOKSIIN.;1
SULJE;18
SUOSITUT;2
VIIMEISIMMÃ¤T;2
HENKILÃ¶T;11
KUVAT;15
VIDEOT;10
LÃ¤HETYKSET;2
HAKUSUODATTIMET;1
NÃ¤YTÃ¤;10
KENELTÃ¤;1
SEURAAMASI;4
KIELET;2
JAPANI;1
ARABIA;1
ESPANJA;1
AMHARA;1
ARMENIA;1
BENGALI;1
BULGARIA;1
BURMA;1
DIVEHI;2
GEORGIA;1
GUDARATI;1
HAITI;4
CREOLE;1
HEPREA;1
HINDI;2
HOLLANTI;1
ISLANTI;2
KANNADA;9
KHMER;1
KIINA;4
KOREA;2
KREIKKA;2
LAO;4
LATVIA;2
LIETTUA;1
LIETUVI;1
MALAJALAM;1
MARATHI;1
NEPALI;1
NORJA;3
PANDABI;1
PATU;2
PERSIA;1
PORTUGALI;1
PUOLA;8
RANSKA;2
ROMANIA;1
SERBIA;1
SINDHI;1
SINHALA;1
SORANI;2
TAGALOG;2
TELUGU;1
THAI;2
TIIBET;1
TURKKI;1
UIGUURI;1
UNKARI;1
URDU;1
VENÃ¤JÃ¤;5
VIETNAM;1
VIRO;2
EESTI;1
SAADAKSESI;2
MUKAUTETUN;1
AIKAJANAN;2
FALSE;1
TWITTER;4
OHJEKESKUS;3
EHDOT;1
YKSITYISYYSKÃ¤YTÃ¤NTÃ¶;1
MAINOSTEN;8
TIEDOT;2
HAKUTULOKSET;2
VESA;4
LANKI@VESKULANKI;1
TUNTIA;6
KOPIOI;22
LINKKI;21
TWIITTIIN;55
UPOTA;22
HYVÃ¤Ã¤;7
HUOMENTAGOMORRONGOOD;1
MORNINGGUTEN;1
MORGENBONJOURBUONGIORNOBUENOS;1
DAS#BW;1
#BNW;1
#BLACKANDWHITE;1
#BLACKANDWHITEPHOTOGRAPHY;2
#MONOCHROME;1
#CITYSCAPE;1
#MUSTAKOTKA;1
#VISITKOTKAHAMINA;2
PIC.TWITTER.COMXNCSCCZB;1
VASTAUSTA;48
UUDELLEENTWIITTAUSTA;65
TYKKÃ¤YSTÃ¤;42
TYKÃ¤TTY;20
JOUKO;6
KOKKONEN@JOUKOKOKKONEN;5
RIKOLLISUUS;2
LISÃ¤Ã¤NTYNYT;4
ENGLANNISSA.;1
EHKÃ¤ISEMISEKSI;1
VANHOILLISILLA;1
PATENTTILÃ¤Ã¤KE;1
SUOMESSA;7
RANGAISTUKSIA;2
KOVENNETTAVA;1
RUOSKAA;1
SELKÃ¤Ã¤N.;2
#SUOMI;5
#ITSENÃ¤ISYYS;5
PIC.TWITTER.COMXVJWAJQ;1
TYÃ¶NANTAJAT;1
ITSEPÃ¤ISESTI;1
NOUDATTAMATTA;3
AMMATTIVAARASTA;1
SÃ¤Ã¤DETYN;1
LAIN;5
MÃ¤Ã¤RÃ¤YKSIÃ¤.;11
ITSENSÃ¤;1
TYÃ¶LÃ¤ISTEN;1
TARKOIN;2
HUOLEHDITTAVA;1
SIITÃ¤;12
TEKEVÃ¤T;5
HUOMAUTUKSIA;3
MÃ¤Ã¤RÃ¤Ã¤MÃ¤STÃ¤;2
EPÃ¤KOHDASTA.;1
PIC.TWITTER.COMHYEUG;4
JUHO;6
PYLVÃ¤NÃ¤INEN@JUHOP;1
HELMIK.;16
RAKKAUTTA;3
ANARKIAA;3
LEFFAFESTIVAALI;4
RANTAUTUU;5
MAALISKUUSSA;5
MAHTAVA;1
HOMMA.;1
HTTPSWWW.KOTKA.FIRAKKAUTTAANARKIAAMAALISKUUSSAKOTKASSA;1
TYÃ¶VÃ¤ENOPISTO.;1
SUNNUNTAINA;3
LÃ¤HDETÃ¤Ã¤N;5
YHTEISELLE;4
HIIHTORETKELLE;1
OPISTOLTA;1
KLO;4
A.P.;1
HTTPITSENAISYYS.FI;3
#TYÃ¶VÃ¤ENOPISTOPIC.TWITTER.COMJNDQEOFXL;1
T.;1
SEURATUT;1
SEURAAJAT;12
POISTETTU;2
@YLEKOTKA;10
HILJENNYS;2
ÃLÃ¤;3
ESTETTY;2
ESTO;3
ODOTTAVA;8
SEURAAMISPYYNTÃ¶;2
PERUUTA;3
YLE;5
TARJOILEE;1
KYMENLAAKSON;11
MAAKUNNAN;3
UUTISIA;3
ILMIÃ¶ITÃ¤;1
RADIOSSA;1
TELEVISIOSSA;5
NETISSÃ¤.;3
SÃ¤HKÃ¶POSTI;2
KOTKA@YLE.FI;2
YLE.FIUUTISETKOTKA;2
OLAVI;1
RAUHALA@JOUKOORAUHALA;1
NORSSALMEN;1
KUPEESTA;2
VALKOHANKI;1
KIMMELTÃ¤Ã¤;1
OKSAT;1
KUURA;1
JÃ¤Ã¤.HYMYYN;1
KÃ¤Y;2
PÃ¤IVÃ¤N;6
ONKOHAN;1
TIMO;3
TOSSAVAINEN@TIMOTOSSAVAINEN;1
NUOLI;4
OSUI;10
NAPAKYMPPIIN;1
HIENON;2
HUOMIONOSOITUKSEN;1
MYÃ¶NSI;3
@VYLRY;1
SAAJA;6
TÃ¤MÃ¤N;14
ANSAINNUT;1
HTTPSKYMENSANOMAT.FIUUTISETLAHELLABDBADDCFCAFE;2
#PUISTO;2
#VIHERALUE;1
#VIHERYMPÃ¤RISTÃ¶;6
#KAUPUNKILUONTO;1
#KAUPUNGINPUUTARHURI;6
VALLITSEE;2
KOTKASSA;15
TYÃ¶TTÃ¶MYYS;2
JOHTUVA;3
KURJUUS.;1
#TYÃ¶TTÃ¶MYYSPIC.TWITTER.COMDNMBNPXB;1
PARTANEN@ESAPARTANEN;1
TESTATTUA;5
EKAA;1
KERTAA;10
#MATKAKETJUA;1
#BUSSI#SÃ¤HKÃ¶POTKULAUTA;1
#KOTKA#HELSINKI.;1
NOITA;5
TARJOLLA;3
TALVELLAKIN;1
#LASTMILERATKAISUNA;1
#KESTÃ¤VÃ¤LIIKENNEPIC.TWITTER.COMBOVOCIXHW;1
GIGANTTI@GIGANTTI;1
GIGANTTI;8
KYMEN;9
SANOMAT;5
TERVETULOA;2
UUTEEN;1
UPEAAN;1
HUOMENNA;4
#AVAJAISET;2
#GIGANTTIHTTPSTWITTER.COMKYMENSANOMATSTATUSGIGANTTI;2
LISÃ¤SI;4
SANOMAT@KYMENSANOMAT;6
UUDESSA;5
OSOITTEESSA;5
TORSTAINA;19
AAMUKAHDEKSALTA;5
AVAJAISISSA;1
POSSOJA;2
HTTPDLVR.ITRPSJZY;2
JANNE;3
KOJO@JANNEKOJO;1
KOJO;4
PETRI;5
SUOMINEN;10
ILMASTOTAVOITTEET;1
EDELLYTTÃ¤VÃ¤T;1
MERKITTÃ¤VIÃ¤;1
RATAVERKKOON.;6
HELSINGISTÃ¤;2
PORVOON;2
LINJATTAVA;2
ITÃ¤RATA;4
VÃ¤HENTÃ¤ISI;2
PAINETTA;1
MAAN;11
KUORMITETUIMMILTA;1
TAVARALIIKENTEEN;2
RATAOSILTA;1
KOUVOLAN;48
SEUDULLA.;6
#RAIDELIIKENNE;2
#ILMASTOHTTPSTWITTER.COMUMLLIIKENNESTATUSJANNE;1
SUOMINEN@UMLLIIKENNE;1
ITÃ¤ISELLE;6
RANTARADALLE;5
SALLITAAN;2
VOIDAAN;6
HELPOTTAA;3
NYKYISEN;1
ITÃ¤PUOLISEN;1
RATAOSUUDEN;1
RUUHKAUTUMISTA;2
LUODAAN;2
HENKILÃ¶LIIKENTEEN;1
RATAYHTEYS;2
RANNIKON;2
KAUPUNKIEN;16
PÃ¤Ã¤KAUPUNKISEUDUN;2
VÃ¤LILLE.HTTPSYLE.FIUUTISET;1
#UUTISVAHTI;1
TERHI;3
LINDHOLM@TERHILINDHOLM;2
MILJOONAINVESTOINTI;1
LIIKENNETTÃ¤;1
TYÃ¶PAIKKOJA;2
SUURIN;9
SATAMA;2
#HAMINA;6
#HAMINAKOTKASATAMA;1
MERTANEN@TMERTANEN;1
MERTANEN;2
ITÃ¤INEN;6
HALUAMME;2
#KOHTALONARUOTSINSALMI;1
NÃ¤YTTELY;1
#MERIKESKUSVELLAMO;1
LÃ¶YTYVÃ¤T;1
VARRELTA;1
ASEMALTA;1
YHTENÃ¤;3
AARTEENA;3
@ITARANTARATAHTTPSTWITTER.COMITARANTARATASTATUSTIINA;1
RANTARATA@ITARANTARATA;1
KANTASATAMA;4
KEHITTYY;4
OPISKELIJAT;2
TYÃ¶SSÃ¤KÃ¤YVÃ¤T;1
MATKAILIJAT;1
KESKELLE;1
#ITÃ¤INENRANTARATA;1
HTTPSTWITTER.COMSVIRTANESTATUS;1
KALLIO@KALLIOESA;1
MJÃ¶TÃ¤Ã¤HJOKO;1
TEKISI;2
NOUSUA;1
@TIMOARO;1
KARTOISSA;4
LÃ¤HIPÃ¤IVINÃ¤;1
PUKANNUT;1
OLISIKO;8
POHJAKOSKETUS;1
KOETTU;3
#NOUSUKAUSI;1
HTTPSWWW.HAMINA.FIAJANKOHTAISTAHAMINAKOTKASATAMAOYTIEDOTTAAFINTOILVALITSIHAMINAKOTKASATAMANSIJOITTAUTUMISPAIKAKSEENFBCLIDIWARWLVXFTGDHJNVUGHOBCMHCGOZYSDBIYQQWOHPDXITWVDSHTTPSYLE.FIUUTISETUTMSOURCEFACEBOOKSHAREUTMMEDIUMSOCIALHTTPSKYMENSANOMAT.FIUUTISETLAHELLABBEEBBACDC;1
LINDHOLM;2
JATKUU;5
TILAUS;7
ANDRITZILLE;4
#TYÃ¶LLISYYS;1
#OSAAMINEN;1
SELLUTEHTAAN;2
UPMLLE;1
URUGUAYHIN;1
PROJEKTISSA;1
TOIMIPAIKKA;1
SIRPA;1
TILI@SIRPAPAATERO;1
KUNTIEN;10
ILMASTOPÃ¤Ã¤STÃ¶ISSÃ¤;1
SUURET;5
EROT;1
HSN;1
KARTTA;6
HAKUKONE;1
PALJASTAVAT;3
PÃ¤Ã¤STÃ¶T;2
OVAT;23
SUURIMMAT;16
SAAVUTUS;3
#KUNNAT;1
#ILMASTOHTTPSWWW.HS.FIKOTIMAAART.HTMLSHAREBEBDFDCBAEFA;1
KOTKALAISPOIKA;1
LASKENUT;2
MÃ¤KEÃ¤;1
HENKENSÃ¤;2
KAUPALLA;1
TYNNYRISSÃ¤.;1
ONNEKSI;1
SAANUT;7
PAHEMPIA;1
VAMMOJA;1
HÃ¤NELLÃ¤;2
UUDISTAA;4
AAMULEHTI;2
#MÃ¤ENLASKUPIC.TWITTER.COMSPSWGFXN;1
ESS@ESSONLINE;1
LEENA;5
HANNUS;11
MENETTIVÃ¤T;12
AIKUISEN;11
URHEILULLISEN;11
POIKANSA;11
YLLÃ¤TTÃ¤EN;11
RAIVOISSANI;11
HAKKASIN;12
NYRKILLÃ¤;11
TILAAJALLE;3
HTTPSWWW.ESS.FIPAIKALLISET;1
#HELSINKI;1
FINNA;1
BOT@FINNABOT;1
MERITORNI;1
MUSEO;1
YLEISKOKOELMA;1
HTTPSWWW.FINNA.FIRECORDMUSKETTIKYM.MAYLEVA;1
PIC.TWITTER.COMFPAUISFD;1
EKAMI@EKAMIFI;1
CONSA;1
JAZZCLUB;1
RAVINTOLA;6
KLUBILLA;2
JULISTE;3
MUUSIKKOOPISKELIJA;1
WALTTERI;1
NASKI;1
#EKAMI;1
#TEKIJÃ¶IDENTEKIJÃ¤;1
#KYMENKONSERVATORIO;1
#CONSAJAZZCLUB;1
#MERIKAUPUNKIKOTKAPIC.TWITTER.COMYYVHRGQAFQ;1
TULOKSIA.;2
LATAAMINEN;2
KESTÃ¤VÃ¤N;5
HETKEN.;1
HETKELLINEN.;1
YRITÃ¤;6
TILASIVULLA;1
LISÃ¤TIETOJA.;2
SUOSITTUJEN;1
PUHEENAIHEIDEN;1
SIJAINTI;3
PROFIILIIN;2
ESTÃ¤;2
ILMOITTAEN;1
ESIMERKIKSI;2
TARKEMMAN;1
PAIKAN;10
VERKOSTA;1
KOLMANNEN;4
OSAPUOLEN;4
SOVELLUSTEN;2
HALUTESSASI;1
SIJAINTIHISTORIAN;1
MYÃ¶HEMMIN.;2
LISTASI;5
LUO;7
KUVAUS;1
MERKKIÃ¤;2
VALINNAINEN;2
YKSITYISYYS;1
PÃ¤Ã¤SY;7
TALLENNA;1
URLOSOITE.;1
JAETTAVAKSI;4
HELPOSTI;2
YSTÃ¤VILLESI.;1
EMBED;1
VERKKOSIVUSTOLLESI;3
KOPIOIMALLA;2
OLEVA;6
KOODI.;3
HMM;1
PALVELINYHTEYDESSÃ¤;1
ONGELMIA.;1
SISÃ¤LLYTÃ¤;7
ALKUPERÃ¤INEN;1
MEDIASISÃ¤LTÃ¶;1
UPOTTAMALLA;1
TWITTERSISÃ¤LTÃ¶Ã¤;1
KEHITTÃ¤JÃ¤SOPIMUKSEN;1
KEHITTÃ¤JÃ¤KÃ¤YTÃ¤NNÃ¶N.;1
ESIKATSELU;1
NÃ¤ET;5
EIKÃ¶;7
VIRITTÃ¤YDY;1
ASIOITA;2
VÃ¤LITÃ¤T;6
VASTAANOTA;2
PÃ¤IVITYKSIÃ¤;4
TAPAHTUMISTA.;6
KAKSISUUNTAISET;1
LYHYTNUMEROT;2
ASIAKKAILLE;2
YRITYKSESSÃ¤;3
YHDISTYNYT;1
KUNINGASKUNTA;1
VODAFONE;3
ORANGE;1
BRASILIA;2
NEXTEL;1
DIGICEL;1
VOILA;1
INTIA;1
BHARTI;1
AIRTEL;1
VIDEOCON;1
RELIANCE;1
AXIS;1
TELKOMSEL;1
XL;1
AXIATA;3
WIND;1
MUIDEN;2
TEKSTIVIESTEILLE;1
VAHVISTUS;3
KOTIIN;7
OSAN;6
AJASTASI;2
VÃ¤LITTÃ¶MIÃ¤;4
TÃ¤RKEISTÃ¤;2
EIVÃ¤TKÃ¶;1
MIELEESI;2
OSOITIN;4
NAPSAUTA;3
SEURATAANPAINIKETTA;1
LOPETTAAKSESI;1
SEURAAMISEN.;1
PIENELLÃ¤;6
TEOLLA;1
JOTA;2
RAKASTAT;4
SYDÃ¤NTÃ¤;1
KIRJOITTANEELLE;1
JAKAVASI;2
JAA;2
NOPEIN;2
JONKUN;1
SEURAAJILLESI;1
KUVAKETTA;1
LÃ¤HETTÃ¤Ã¤KSESI;1
SEN;5
HETI.;1
LIITY;1
AJATUKSESI;2
VASTAAMALLA.;1
KIINNOSTAVA;2
PYSY;2
TASALLA;3
MISTÃ¤;10
IHMISET;5
PUHUVAT;1
NYT.;1
TILEJÃ¤;2
NÃ¤HDÃ¤KSESI;1
AIHEISTA.;1
TAPAHTUU;2
AIHEESEEN;2
LIITTYVÃ¤T;2
JÃ¤Ã¤;12
HETKESTÃ¤KÃ¤Ã¤N;2
PARHAISTA;2
TARINOISTA;2
NIIDEN;1
SANOMATTORSTAI;2
..SULO;4
SULHOETUSIVUVALIKKOTILAAVALIKKOETUSIVU;4
VALIKKOLÃ¤HELLÃ¤;4
KOTIMAA;4
TALOUS;4
KULTTUURI;5
VIIHDE;11
URHEILU;6
JUTTUVINKKI;4
TEEMAT;4
VALIKKOKOTI;17
JUOMA;4
LENTOKONEET;1
FINGERPORI;4
MEIDÃ¤N;2
MENOT;3
ELÃ¤MÃ¤NKAARI;1
KAUPALLINEN;7
YHTEISTYÃ¶;8
VALIKKOPÃ¤Ã¤KIRJOITUKSET;6
KOLUMNIT;4
LUKIJALTA;6
NAPAKAT;1
NÃ¤KÃ¶ISLEHTI;4
VALIKKOTILAAASIAKASPALVELU;4
JAKELUNKESKEYTYS;4
VAKITUINEN;4
OSOITTEENMUUTOS;8
TILAPÃ¤INEN;4
YHTEYSTIEDOT;4
YRITYSASIAKKAAT;4
ANNA;6
PALAUTETTA;5
UNOHTANUT;8
TUNNUKSET;11
AKTIVOI;8
DIGITAALISET;8
TÃ¤STÃ¤KIRJAUDU;4
TÃ¤STÃ¤SUOSITTELEMMELUKION;1
KAKKOSLUOKKALAISELLA;1
INKA;3
TIMPERILLÃ¤;3
EDESSÃ¤Ã¤N;1
PRINSESSAPÃ¤IVÃ¤;1
ASIAKASPALVELUTILAA;4
YSTÃ¤VÃ¤NPÃ¤IVÃ¤N;6
TARJOUSHINTAAN;8
ALKAEN;5
KKLÃ¤HELLÃ¤IHMEOTUKSIA;4
SUOSIKKIHAHMOJA;5
KRITIIKKIÃ¤;5
HAIKEUTTA;5
LUKIOIDEN;6
ABITURIENTTIEN;5
PENKKARIKULKUEESTA;5
OSALLISTU;5
LEIKKIMIELISEEN;5
PUKUÃ¤Ã¤NESTYKSEENLUKIOIDEN;4
VUODEN;12
JUHLIVAT;6
PENKINPAINAJAISIA.;1
VALKEALAN;1
LAKKAUTUSPÃ¤Ã¤TÃ¶S;1
NÃ¤KYI;6
ISKULAUSEISSA;1
BANDEROLLEISSA.KRISTA;1
LIHVONENHIETAKALLIOAIHEETPENKKARITAVAINJUTTULÃ¤HELLÃ¤KOUVOLALAISET;1
KAKSOSPOJAT;2
POLKUJA;2
ARMEIJASSA;2
POJILLEEN;2
VIESTINAVAINJUTTULÃ¤HELLÃ¤KOUVOLALAINEN;2
PUKEUTUU;2
VANHAAN;6
ROOSAAN;2
PRINSESSANA;2
MONEN;7
LUKIOLAISDAAMIN;2
VANHOJEN;5
TANSSIEN;9
HARJOITTELU;2
ALKOI;3
SYKSYLLÃ¤LÃ¤HELLÃ¤KOUVOLAN;2
KAUPUNGINJOHTAJA;5
LOMAUTETAAN;5
KESÃ¤LLÃ¤;14
LUVASSA;5
VIIKKOA;7
PAKKOLOMAA;3
SADALLE;2
KONSERNIPALVELUJEN;2
TYÃ¶NTEKIJÃ¤LLELUETUIMMAT;2
KOMMENTOIDUT;6
HAHMA;3
LIIKUSKELLUT;4
KOTIELÃ¤IMET;7
KÃ¤YTETYT;3
RAHAT;3
LAPSILTA;3
VANHUKSILTA;3
ETSIMME;8
VIITEEN;3
ESIINTYVÃ¤Ã¤N;3
VÃ¤ITTEESEENKOUVOLALAINEN;3
JMPIPELINE;3
KONKURSSIIN;3
MENNEEN;6
JOKIMÃ¤EN;3
VIEMÃ¤RIHUOLLOT;3
KAIVOJEN;4
TYHJENNYKSET;3
TYÃ¶LLISTÃ¤VÃ¤T;5
ENITENAVAINJUTTUKATSO;4
ASUKASMÃ¤Ã¤RÃ¤;4
VÃ¤HENTYNYT;4
ASUINALUEELLASI;4
VÃ¤KILUKU;4
KASVANUT;4
YHDELLÃ¤;8
POSTINUMEROALUEELLA;4
SIELLÃ¤KIN;5
ASUKKAALLANÃ¤YTÃ¤;1
LISÃ¤Ã¤LÃ¤HELLÃ¤VALKEALAN;3
KIRJASTO;10
VÃ¤ISTÃ¶TILOIHIN;3
HUHTIKUUSSA;2
KIINNIAVAINJUTTUKOTIMAALEENA;2
SEINÃ¤Ã¤AVAINJUTTULÃ¤HELLÃ¤KATSO;3
ASUKKAALLALÃ¤HELLÃ¤OIKAISU;1
JUKKA;4
NYBERG;2
KAUPUNGINHALLITUKSEN;5
JÃ¤SENAVAINJUTTULÃ¤HELLÃ¤KINNOTUEN;2
VÃ¤HENEMINEN;3
TYÃ¶NTEKIJÃ¤Ã¤;2
IRTISANOUTUNUTKAUPALLINEN;1
LÃ¤HITAPIOLANÃ¤IN;4
KOTISEUDULLASI;8
SAIRASTETAAN;12
KANSANSAIRAUS;8
UHKAASUOMEN;4
PUOLIN;15
TAVOIN.;5
SINUN;4
TERVEYSRISKISI.;4
ASIANTUNTIJAMME;4
VINKIT;5
ENNALTAEHKÃ¤ISYYN.AVAINJUTTULÃ¤HELLÃ¤KOOKOON;4
KORIAN;3
UIMAHALLI;6
KREIKKALAINEN;8
TARZAN;4
AUTTAMASSA;5
VERRAN;5
SURKUTELLA;5
KORHONEN;3
SANOOLUKIJALTALUKIJALTA;1
KOULUJEN;5
TALVILOMAKAUTTA;2
SYYTÃ¤;8
AIKAISTAA;2
YLIOPPILASKIRJOITUSTEN;2
JÃ¤RJESTÃ¤MISTÃ¤LÃ¤HELLÃ¤TÃ¤NÃ¤Ã¤N;3
KARKKISATEESEEN;4
NÃ¤KEE;4
PENKKAREITA;12
ABEJALÃ¤HELLÃ¤KYMSOTE;1
NOPEUTTI;1
OMAKANTAAN;1
KIRJATTAVIEN;1
VIIVE;1
LYHENI;2
KAHDESTA;1
PÃ¤IVÃ¤Ã¤NLÃ¤HELLÃ¤KYMEN;1
KATTOKESKUS;1
HAMUILEE;1
ISOMPAA;1
OSUUTTA;1
ITÃ¤UUDENMAAN;1
KATTOREMONTEISTAAVAINJUTTULÃ¤HELLÃ¤KOUVOLASSA;1
KIERRÃ¤TYKSESTÃ¤;2
LUISTANEET;1
TALOYHTIÃ¶T;2
PANTIIN;1
JÃ¤TEHUOLLON;2
MUUTOKSELLA;2
RUOTUUN;1
PROSENTILLA;4
PUUTTEITANAPAKATNAPAKAT;1
HALUAN;11
VERONMAKSAJANA;1
KINNON;2
VIRKAA;6
VASTUUALUEET;1
MARKKINOINTIKIN;1
MILJOONAT;9
MAKSETAANLÃ¤HELLÃ¤PÃ¤Ã¤KIRJOITUS;1
EROON;8
MONIMUTKAISUUDESTAAVAINJUTTUURHEILUJÃ¤LLEEN;1
MAAILMANLUOKAN;1
LAUKAUSTAAN;3
ESITELLYT;1
KOOKOON;1
LIBOR;1
SULAK;1
TARVINNUT;1
HIRVITTÃ¤VÃ¤N;3
MAALIIN;1
LAUKOA;1
SYÃ¶TÃ¶STÃ¤;1
TÃ¤YSILLÃ¤URHEILUKOUVOTTARET;1
HERÃ¤SI;1
TAUON;2
JÃ¤LKEENLÃ¤HELLÃ¤SÃ¤Ã¤STÃ¶LOMAUTUS;1
SULKEE;2
IITIN;2
TERVEYSKESKUKSEN;1
APUVÃ¤LINEKESKUKSEN;1
VIIKOKSI;1
KIIREETÃ¶N;1
NASTOLASSAAVAINJUTTULÃ¤HELLÃ¤ITÃ¤RADAN;1
KOUVOLALINJAUKSELLA;1
ETELÃ¤KARJALAN;1
TUKIKOTKAN;1
KOSIMAKIRJE;1
VAKUUTTANUT;2
MAAKUNTAJOHTAJAAURHEILUKAUHAJOKI;1
VEI;1
KUUDENNEN;1
PERÃ¤KKÃ¤ISEN;1
KARHUNPAININKARHUBASKET;1
VÃ¤KEVÃ¤MPILÃ¤HELLÃ¤HIIPPAKUNNAN;1
KIRKOLLISKOKOUSEDUSTAJAT;8
VALITTU;11
MIRVA;1
LEHTINEN;1
KIRKON;3
YLIMPÃ¤Ã¤N;2
PÃ¤Ã¤TTÃ¤VÃ¤Ã¤N;2
ELIMEEN;2
NIMET;8
TÃ¤STÃ¤URHEILUKOOKOO;1
NOUSI;2
LIIGAN;3
KOLMOSEKSIMATTHEW;1
CAITO;3
PUOLUSTAJIEN;3
PISTEPÃ¶RSSIN;1
KÃ¤RKEENKULTTUURI;1
VIIHDEKOUVOLALAISLÃ¤HTÃ¶ISEN;1
ALEKSANTERI;1
HAKANIEMEN;2
ELOKUVAAN;2
MIELETÃ¶N;1
REMPPA;1
LAULAJA;1
KERTOO;8
SÃ¤VELLYKSESTÃ¤Ã¤N;1
KUUNTELE;1
TÃ¤Ã¤LTÃ¤;5
TAJUU;1
LÃ¤HELLÃ¤..;1
TOIVOMASTA;2
KÃ¤YDÃ¤Ã¤N;2
KOVAA;2
ALUEPOLIITTISTA;4
KAMPPAILUA;2
KESKON;2
PÃ¤Ã¤JOHTAJA;2
MIKKO;4
HELANDER;2
RISTIVEDON;2
LOPPUVAN;4
LIIKAA;7
KOROSTAA;4
HIILEEN;2
PUHALTAMISEN;2
MERKITYSTÃ¤LÃ¤HELLÃ¤..;4
SISÃ¤LLÃ¤KULTTUURI;1
LASTEN;2
TEATTERITAPAHTUMA;1
KUULAS;1
SAI;15
AVUSTUKSEN;1
SÃ¤Ã¤STÃ¶JEN;1
KURITTAMA;1
TOTEUTUU;3
VUONNA;7
NELIPÃ¤IVÃ¤ISENÃ¤NÃ¤YTÃ¤;1
ARTIKKELEITALUETUIMMAT;4
ASUKKAALLAPOLIISI;2
SELVITTI;5
NELJÃ¤N;2
MURRON;2
SARJAN;4
KAUPAN;2
HUUMAUSAINERIKOKSENONKO;2
KEITO;4
KALIFORNIASTA;2
MATT;2
MAALIPÃ¶RSSIN;2
VOITTANUT;4
KOOKOOPELAAJAAVAINJUTTUVARKAAT;2
MURTAUTUIVAT;2
KATON;2
PENKOIVAT;2
LIIKKEET;3
POLIISILLE;2
TUTUT;3
KIINNIAVAINJUTTUKOOKOON;2
SANOOTÃ¤NÃ¤Ã¤N;2
ABEJANÃ¤YTÃ¤;1
KAIKKIMIELIPIDEPÃ¤Ã¤KIRJOITUKSET..;4
PÃ¤Ã¤KIRJOITUS;6
SOPIVATKO;5
ENERGIA;2
KESKINÃ¤ISEEN;2
RIITELYYNPETRI;1
KARJALAINENPÃ¤Ã¤KIRJOITUKSET..;2
VALTIOSIHTEEREILLÃ¤TIMO;2
LAITAKARILUE;2
MIELIPITEETLUETUIMMATAHMA;4
ABEJAUUSIMMAT;1
UUTISETVALKEALAN;1
KIINNIAVAINJUTTUKOUVOLALAISET;1
PUKUÃ¤Ã¤NESTYKSEENAVAINJUTTULEENA;1
SEINÃ¤Ã¤OIKAISU;1
IRTISANOUTUNUTLUKIJALTA;1
ABEJAKOMMENTOIDUTAVAINJUTTUUUTISANALYYSI;1
TYÃ¶NTEKIJÃ¶IDEN;1
UPPOAVAT;1
POPULISTIN;2
SILMIN;1
KULLASVAARAN;2
LOGISTIIKKAALUEELLEKAUPUNKI;1
RRTHANKKEESTA;2
KOKONAISVASTUUN;1
TYÃ¶NTEKIJÃ¤Ã¤AVAINJUTTUKOUVOLAN;1
KAUPUNGINVALTUUSTO;1
SITOUTUI;2
JATKAMAAN;7
INVESTOINTEJA;1
VALTUUTETUT;1
TIVASIVAT;1
RISKEISTÃ¤LUKIJALTA;1
HELLEVI;2
KUNNAKSELLE;1
PALVELURAKENNELUKIJALTA;1
TUKIPAKETIN;1
KANSANEDUSTAJA;1
VILLE;2
KAUNISTOLUKIJALTA;2
HILJENTÃ¤VÃ¤T;5
REUNAALUEIDEN;1
KIRKONKYLÃ¤TKOUVOLAN;1
MERKITYSTÃ¤HARRI;1
VARAPUHEENJOHTAJAKSI;1
SÃ¤HKÃ¶N;2
HALLITUKSEENPÃ¤Ã¤KIRJOITUS;1
RIITELYYNLUKIJALTA;1
PALVELUVERKKO;1
MONILTA;1
KALLIIMPI;1
KUNNISSA;2
TALOUSJOHTAJA;1
KUNNASKUUSANKOSKEN;1
INKEROISTEN;1
TEHTAILLA;1
PÃ¤Ã¤TTYMISTÃ¤;1
SOVUN;5
SYNTYMISTÃ¤;2
PIDETÃ¤Ã¤N;11
ASIANA;6
NENILLEKOUVOLAN;1
SANOMATTEKIJÃ¤NOIKEUDET;2
KAAKON;4
VIESTINTÃ¤;12
OYLEHTIKAARI;1
PL;4
KOUVOLAPUH.;1
PÃ¤Ã¤TOIMITTAJA;5
KARJALAINENSISÃ¤LTÃ¶JOHTAJA;3
EIPAIKALLISET;4
LAKKAASIAKASPALVELU@KOUVOLANSANOMAT.FIANNA;4
PALAUTETTAJUTTUVINKKIKÃ¤YTTÃ¶EHDOTTIETOSUOJALAUSEKEASIAKASPALVELUYRITYSASIAKKAATKAAKON;4
ESVPAIKALLISMEDIATETELÃ¤SAIMAAITÃ¤SAVOJUVAN;4
LEHTIKAAKONKULMAKANGASNIEMEN;4
KUNNALLISLEHTIKESKILAAKSOKOUVOLAN;4
SANOMATLUUMÃ¤EN;4
LEHTILÃ¤NSISAIMAAN;4
SANOMATLÃ¤NSISAVOPAIKALLISLEHTI;4
JOUTSENOPITÃ¤JÃ¤NUUTISETPURUVESIUUTISVUOKSIES;4
KESKIVIIKKOKS;9
KESKIVIIKKOVASTUULLISTA;4
JOURNALISMIA;4
MERIKAUPUNKI;6
FACEBOOKSIIRRY;1
KOHTEESEENTÃ¤MÃ¤N;1
OSIOTHELPPOKÃ¤YTTÃ¶OHJEETPOISTAKÃ¤YTÃ¤MME;1
YKSILÃ¶IMISEEN;1
SEURANTAAN;5
TURVALLISEN;4
VARMISTAMISEEN.;1
KLIKKAAMALLA;1
SIVUSTOA;5
SELAAMALLA;1
MEILLE;2
FACEBOOKISSA;4
ULKOPUOLELLA;2
AVULLA.;2
SAATAVILLA;1
HALLINTAMAHDOLLISUUKSISTA;1
EVÃ¤STEKÃ¤YTÃ¤NTÃ¶.FACEBOOKSÃ¤HKÃ¶POSTI;1
PUHELINSALASANAUNOHDITKO;1
KÃ¤YTTÃ¤JÃ¤TILINETUSIVUTIETOJAKUVATARVOSTELUTVIDEOTPELAA;1
KOTKAVISAATAPAHTUMATJULKAISUTYHTEISÃ¶NÃ¤YTÃ¤;1
SISÃ¤Ã¤NTAILUO;1
SISÃ¤Ã¤NUNOHDITKO;1
KÃ¤YTTÃ¤JÃ¤TILINTAILUO;1
KOTKAKOTKA;2
TOISEKSI;2
SIJAITSEE;3
SUOMENLAHDEN;1
SUIST...NÃ¤YTÃ¤;1
LISÃ¤Ã¤YHTEISÃ¶NÃ¤YTÃ¤;1
PAIKKAMERKINTÃ¤Ã¤TIETOJANÃ¤YTÃ¤;1
KAIKKIKUSTAANKATU;1
KM;1
REITTIOHJEET;1
CONTACT;1
MESSENGERKOTKA.FIJULKISHALLINNOLLINEN;1
ORGANISAATIO;3
PAIKKAKUNTAIMPRESSUMSIVUN;1
LÃ¤PINÃ¤KYVYYSNÃ¤YTÃ¤;2
LISÃ¤Ã¤FACEBOOK;1
JOIDEN;1
YMMÃ¤RRÃ¤T;3
PAREMMIN.;1
MILLAISIA;1
TOIMINTOJA;4
HALLINNOIVAT;5
JULKAISEVAT;3
KÃ¤YNTIÃ¤SIVUT;1
TYKÃ¤NNYTKARHULAVISIT;1
KOTKAHAMINAKOTKAN;1
AIKUISLUKIOKOTKAN;1
NUORISOVALTUUSTOMARETARIUMART;1
PORT;1
TAIDESATAMA;1
KOTKAVISIT;1
KOTKAHAMINACURSOR;1
OYKOTKAN;12
KAUPPATORIVANHAA;1
KESKUSTAALASTEN;4
MERIPÃ¤IVÃ¤TMERIKAUPUNKI;1
KAUPUNGINTEATTERIAVOIMET;1
KOTKASSAYRITTÃ¤JYYS;1
KYMENLAAKSOSSAHELSINKICENTREAVOIN;1
KUNTALAISKOKOUSKYMEN;1
SANOMATTERVEYS;1
HYVINVOINTIPISTE;1
KOTKANSAARELLA;1
LUOTSI;2
KARHULASSANÃ¤YTÃ¤;1
LISÃ¤Ã¤TRIANGLEDOWNAIHEESEEN;1
SIVUTKOTKAN;2
MERIPÃ¤IVÃ¤TFESTIVAALIMERIKESKUS;1
VELLAMOYHTEISÃ¶MUSEOVISIT;1
KOTKAHAMINATURISTIINFOKESKUSKYMEN;1
SANOMATSANOMALEHTIVANHAA;1
KESKUSTAAPAIKALLINEN;2
KAUPUNGINTEATTERIESITYSTAITEIDEN;1
TEATTERIPASAATI;1
KAUPPAKESKUSOSTOSKESKUSKOTKA;1
HUOMENNAPAIKALLINEN;1
SIVUSTOPUISTOJEN;1
KOTKAYHTEISÃ¶ORGANISAATIORAVINTOLA;1
VAAKKURAVINTOLAKTP;1
KOTKAAMMATTILAISURHEILUJOUKKUEKAHVILAKONDITORIA;1
HYGGELEIPOMOHOTEL;1
LEIKARIHOTELLILOMAKESKUSJUSSIN;1
JÃ¤TTIKIRPPISKIRPPUTORIJOENSUU;1
IDÃ¤SSÃ¤JULKISHALLINNOLLINEN;2
CAFE;1
LAITURIKAHVILALAHDEN;1
PALVELUKUUSAMON;1
JUUSTOTUOTEPALVELULOHJAN;1
STADPAIKKAKUNTANÃ¤YTÃ¤;1
LISÃ¤Ã¤TRIANGLEDOWNPAIKATKOTKAMERIKAUPUNKI;1
KOTKASUOMI;1
US;1
KÃ¤VIJÃ¤TIEDOISTAYKSITYISYYS;1
KÃ¤YTTÃ¶EHDOT;1
KUVATNÃ¤YTÃ¤;1
KAIKKISUOSITUKSET;1
ARVOSTELUT;2
SUOSITELLUTMERIPÃ¤IVÃ¤T;1
KIVA;1
KESÃ¤INEN;1
MUKAVIA;2
TAKAA;5
TAMMIKUUTAMERI;1
MERIPÃ¤IVÃ¤T;1
JOKIPUISTO.USEAT;1
KOSKET.LANGINKOSKEN;1
KOSKEMATON;1
METSÃ¤T;2
SAARET.JA...;1
POSSOKAHVIT.MIINUKSENA;1
VENÃ¤LÃ¤ISIÃ¤;1
ETENKIN;1
KARHULAKARHUVUORI;1
PIENEN;1
SOSIAALIPALVELUT;1
KUORMITUSTA;1
LISÃ¤Ã¤.;2
SYYSKUUTA;1
TERVEYDENHOITOA;2
TÃ¶RKEÃ¤STI.;1
TOISENLAISIA;1
KOKEMUKSIA;2
NII...N;1
KOTKASTAKIN.;1
VARASIN;1
AUDIENSSIN;1
KARHUVUOREEN.;1
HOITAJA;2
MITTASI;2
TULEHDUSARVOT;1
SATURAATION;1
LÃ¤Ã¤KÃ¤RIN;1
PAKEILLA.;1
TOHTORI;1
TYÃ¶TÃ¤;5
LÃ¤Ã¤KKEET;2
PASSITTI;1
KESKUSSAIRAALAN;6
LABRAAN;1
RÃ¶NTGENIIN;2
VARMUUDEN;1
APTEEKKIEN;1
ENSIMMÃ¤ISESTÃ¤;3
APTEEKISTA;1
LÃ¶YTYI;10
TOISEN;7
SAANNIN;1
FARMASEUTTI;1
VARMISTI;1
NAAPURIAPTEEKISTA.;1
PUOLTAPÃ¤IVÃ¤Ã¤;1
ALOITTELIN;1
KOTONA;1
LÃ¤Ã¤KEKUURIEN;1
NAUTTIMISEN.;1
TOTESI;1
VERIKOKEIDEN;2
OK.;1
SELVIÃ¤Ã¤;2
TOIMIA.;7
MARRASKUUTA;1
KAIKKIVIDEOTVAPAAAJAN;1
TONTIT;1
PITKÃ¤SAARESSALIHAMESTARIN;1
KEITTIÃ¶SSÃ¤;1
TIISERIKATSO;1
KAIKKINÃ¤YTÃ¤;2
LÃ¤NSISAVOTORSTAI;2
LUONTOHAVAINNOT;2
TORIKAMERA;1
MUISTOKIRJOITUKSET;3
PUHEENVUOROT;2
SAIMAA;10
LÃ¤NSISAVO;1
KKPUHEENAIHEKAIHUNLAHTEEN;1
ISTUTETTUJEN;5
LOHIEN;5
ROHMUAMINEN;5
HARMITTAA;5
KALASTAJAYHDISTYSTÃ¤SUOSITTELEMMEKATSO;1
MIKKELISSÃ¤;12
JUVALLA;7
KANGASNIEMELLÃ¤URHEILUJUKURIT;1
PERESKOKOVIN;6
PURETTUJULIUS;2
RANTAESKOLA;2
LOPPUKAUDEKSI;3
MIKKELIINJUKURIT;1
HYÃ¶TYY;1
PELAAJAN;2
LÃ¤HDÃ¶STÃ¤;1
JAKOVENKON;2
VUOKRALTA.VILLE;1
NISKANENAIHEETJUKURITLIIGAVADIM;1
PERESKOKOVJÃ¤Ã¤KIEKKOJULIUS;1
RANTAESKOLALÃ¤HELLÃ¤POHJOISMAIDEN;1
KAHVILAKETJU;5
ESPRESSO;5
HOUSE;5
AVAA;8
KAHVILAN;5
MIKKELIIN;16
KAUPPAKESKUS;8
AKSELIIN;6
TULEVANA;9
KESÃ¤NÃ¤LÃ¤HELLÃ¤LUOTI;1
MENI;4
HIRVIMETSÃ¤LLÃ¤;4
VASAN;4
PASSIMIEHEEN;4
PIEKSÃ¤MÃ¤ELLÃ¤;14
AMPUJALLE;4
TUOMIO;5
METSÃ¤STYSRIKOKSESTAAVAINJUTTUKOTIMAALEENA;1
SEINÃ¤Ã¤LUETUIMMAT;1
RUSIKOI;3
PYSÃ¤KÃ¶ITYJÃ¤;3
AUTOJA;6
MAAHERRANKADULLA;3
MIKKELISSÃ¤POHJOISMAIDEN;4
KESÃ¤NÃ¤LOPPUVIIKOSTA;3
KARKKISADETTA;3
JUHLATUNNELMAA;3
KANGASNIEMELLÃ¤;3
TANSSITAANVANGASJÃ¤RVEN;3
OMAKOTITALOTONTTEJA;4
TONTTIKAUPAN;4
TULEE;9
KORPIMAISEMAAAVAINJUTTUKAIHUNLAHTEEN;3
KALASTAJAYHDISTYSTÃ¤;4
ILOA;4
KAIKILLE;5
MUUTAMILLENÃ¤YTÃ¤;1
SYTTYI;4
KULJETINRAKENNUKSEN;2
LATTIALLA;3
SAMMUTTILÃ¤HELLÃ¤ESSOTE;1
TUEN;3
KEHITTÃ¤MISEENAVAINJUTTULÃ¤HELLÃ¤OIKEALTA;1
OHITTAMISTA;2
TAKAPUOLEN;1
VILAUTTELUA;1
TIEURAKOITSIJA;1
VIITOSTIELLÃ¤;1
TOTTUA;1
VAIHTUVIIN;1
TIERAIVOON;1
NIMISSÃ¤;1
LASSE;1
KURPPA;1
VINKKIÃ¤URHEILUVADIM;1
LÃ¤HTEE;2
JUKUREISTA;2
SVEITSI;2
HOLTARI;2
KIISTÃ¤Ã¤;3
SAMULI;2
PIIPPOSEN;2
SIIRRONLÃ¤HELLÃ¤KOLMELLE;2
MIEHELLE;2
LUETTIIN;2
SYYTTEET;2
LAPPEENRANNAN;2
KULTAKELLON;2
MURROSTA;2
VARASTIVAT;3
RISTIINASTAKAUPALLINEN;1
MUUTAMILLELÃ¤HELLÃ¤MIKKELISSÃ¤;1
YLIOPPILAIDEN;2
TERVEYDENHOITOSÃ¤Ã¤TIÃ¶N;2
OPISKELIJOILLE;2
HANKITAAN;2
YHTEISTYÃ¶KUMPPANILTALÃ¤HELLÃ¤POLIISI;2
NAPPASI;3
AJOKORTITTOMAN;4
MIEHEN;2
RATISTA;4
PIEKSÃ¤MÃ¤ELLÃ¤HUUMEPIKATESTI;2
AMFETAMIINIALÃ¤HELLÃ¤YSTÃ¤VÃ¤NPÃ¤IVÃ¤NÃ¤;1
KEHOAAN;1
SUSHILLA;2
SIELUAAN;1
PERJANTAILLE;6
LAUANTAILLELÃ¤HELLÃ¤KULJETTAJA;1
AJON;2
KORVANAPPIKUULOKKEIDEN;1
JOHTOATÃ¶RMÃ¤SI;1
KAHTEEN;1
AUTOON;10
MAAHERRANKADULLAAVAINJUTTULÃ¤HELLÃ¤NÃ¤IN;1
PÃ¤Ã¤MAJATALO;1
SODAN;1
RAUHAN;1
RAKENTUU;1
AIKATAULUSSALÃ¤HELLÃ¤MEKAANISEN;1
METSÃ¤TEOLLISUUDEN;5
NEUVOTTELUISSA;1
SOVINTOEHDOTUS;4
LIITOILLA;1
TORSTAIILTAPÃ¤IVÃ¤Ã¤NLUKIJALTAMIELIPIDE;1
TARVITAAN;3
TOIMIALUKIJALTAMIELIPIDE;1
KILPAILUTUKSET;1
HOIVAYRITYKSIÃ¤PÃ¤Ã¤KIRJOITUKSETPÃ¤Ã¤KIRJOITUS;3
VILKASTUVA;2
MÃ¶KKIKAUPPA;2
HYVÃ¤Ã¤URHEILUJUKURIT;1
JÃ¤I;1
PISTEITTÃ¤;1
JYVÃ¤SKYLÃ¤SSÃ¤VADIM;1
LÃ¤HTÃ¶;4
MAHDOLLINENAVAINJUTTUKULTTUURI;1
VIIHDEKITAROITA;1
SOITTAMINEN;2
MINDFULNESSIA;1
MIKKELILÃ¤ISET;1
TUNNUSTAVAT;1
PELISSÃ¤;1
HENKIMAAILMAN;2
JUTTUJAURHEILUOIKAISU;1
SAVONIAHIIHTO;1
PERUTTU;1
LÃ¤HELLÃ¤VANGASJÃ¤RVEN;1
KORPIMAISEMAAURHEILUJUKURIT;1
VUOKRAA;5
TEHOPAKIN;1
SVEITSIINALEKSANDR;1
EHC;1
BIELBIENNESSALÃ¤HELLÃ¤..;1
ILOITKAA;1
KIIPEILIJÃ¤T;4
AVATTIIN;7
TOIVOTTU;4
BOULDERSEINÃ¤;4
KIIPEILYPIIREISSÃ¤;4
ODOTUKSETLÃ¤HELLÃ¤..;1
HIIPPAKUNNAN;5
KUSTANNUSTEN;1
EDELLE;2
KATULAMPUT;1
AAMUHÃ¤MÃ¤RÃ¤SSÃ¤;1
MYÃ¶HEMPÃ¤Ã¤NTALOUS..;1
RANTAMÃ¶KKIEN;1
KAUPPOJA;1
TEHTIIN;4
VUOSIIN;1
ETELÃ¤SAVOSSA;3
HINTATASO;1
KAIKISSA;1
MUUTAMILLEMIKKELIN;2
TÃ¤STÃ¤LÃ¤HES;2
MATKAILUHANKE;6
PUUMALAAN;3
TOTEUTETAAN;3
SUOMALAISVENÃ¤LÃ¤ISENÃ¤;3
YHTEISTYÃ¶NÃ¤AVAINJUTTUETELÃ¤SAVON;2
KOULUTUS;2
OY;6
YTNEUVOTTELUT;2
ARVIOITU;4
VÃ¤HENNYSTARVE;2
HENKILÃ¶TYÃ¶VUOTTAILOITKAA;2
ODOTUKSETLUOTI;2
METSÃ¤STYSRIKOKSESTANÃ¤YTÃ¤;3
LAITAKARIAVAINJUTTUKOLUMNIT..;1
MÃ¶YHENTÃ¤JÃ¤;1
NOSTURI;1
RAKENNUSTYÃ¶MAALLA;2
MEHTÃ¤LÃ¤LUE;1
UUTISETTURVE;1
SAMMUTTIJUKURIT;1
KESÃ¤NÃ¤ESSOTE;1
KEHITTÃ¤MISEENLUOTI;2
RISTIINASTAAVAINJUTTULEENA;1
SEINÃ¤Ã¤MIKKELISSÃ¤;1
AMFETAMIINIAKOMMENTOIDUTMIELIPIDE;1
USKONNON;2
OPETUKSEN;1
TARVITTAISIIN;1
OPETUSTA;1
USKONNOISTAMIKKELI;1
URPOLAN;1
PUUSTANUORTEN;1
OIKEITA;3
JULKI;1
JÃ¤RJESTETÃ¤Ã¤N;3
VITUTTAA;1
ILTAAVAINJUTTUPUUKOULUA;1
EPÃ¤TODENNÃ¤KÃ¶ISELTÃ¤;3
BETONI;1
MATERIAALI;1
KIINTEISTÃ¶JOHTAJA;1
HUOMAUTTAAMIKKELIN;1
SEUDUN;8
TUHANSIA;2
TAVOITTEENA;1
ASUKKAITAMIELIPIDE;1
TOIMIAASSELIT;1
VIUHUMAAN;1
ROSETTA;1
SWEET;1
VIIKONLOPPUNA;4
BURLESKIA;1
ESITETÃ¤Ã¤NILOITKAA;1
ODOTUKSETHELPOTUSTA;1
HAMMASLÃ¤Ã¤KÃ¤RIPELKOON;1
IKIOMA;1
LUPAA;1
NUKUTTAA;1
POTILAATLÃ¤HES;1
YHTEISTYÃ¶NÃ¤LÃ¤NSISAVOTEKIJÃ¤NOIKEUDET;1
OYTEOLLISUUSKATU;1
MIKKELIPUH.;1
YLE.FI;2
TEKSTITV;3
ARKISTO;1
LAPSET;1
RADIOOPAS;1
TVOPAS;1
KATSELE;1
TVTÃ¤;1
OPPIMINEN;1
TIEDE;1
NEWS;1
NOVOSTI;2
SPMI;1
HAE;1
TUOREIMMATLÃ¤HELTÃ¤ETELÃ¤KARJALAETELÃ¤POHJANMAAETELÃ¤SAVOKAINUUKANTAHÃ¤MEKESKIPOHJANMAAKESKISUOMIKYMENLAAKSOLAPPIPIRKANMAAPOHJANMAAPOHJOISKARJALAPOHJOISPOHJANMAAPOHJOISSAVOPÃ¤IJÃ¤THÃ¤MESATAKUNTAUUSIMAAVARSINAISSUOMIAHVENANMAAURHEILUSÃ¤Ã¤KOTIMAAULKOMAATTALOUSPOLITIIKKAKULTTUURIKOLUMNITLUONTOTIEDETERVEYSVIIHDELIIKENNEBLOGITLISÃ¤Ã¤ETUSIVUTUOREIMMATURHEILUSÃ¤Ã¤KOTIMAAULKOMAATTALOUSPOLITIIKKAKULTTUURIKOLUMNITLUONTOTIEDETERVEYSVIIHDELIIKENNEBLOGITUUTISET;1
VIITTOMAKIELELLÃ¤UUTISET;1
SELKOSUOMEKSINEWS;1
IN;1
ENGLISHNOVOSTI;1
YLEYLE;1
SPMIYLE;1
UUDIZET;1
KARJALAKSEYLE;1
UUTISLUOKKAATEEMAYLEN;1
AAMUASTUDIOPERJANTAIPUOLI;1
SEITSEMÃ¤NTEKSTITVRSSSYÃ¶TTEETYHTEYSTIEDOTLÃ¤HELTÃ¤ETELÃ¤KARJALAETELÃ¤POHJANMAAETELÃ¤SAVOKAINUUKANTAHÃ¤MEKESKIPOHJANMAAKESKISUOMIKYMENLAAKSOLAPPIPIRKANMAAPOHJANMAAPOHJOISKARJALAPOHJOISPOHJANMAAPOHJOISSAVOPÃ¤IJÃ¤THÃ¤MESATAKUNTAUUSIMAAVARSINAISSUOMIAHVENANMAAKYMENLAAKSO;1
TUOREIMMATKAAKKOISSUOMESSA;1
HIRVIÃ¤;4
EDELLISELLÃ¤;1
HIRVENMETSÃ¤STYSKAUDELLAHIEMAN;1
PUOLET;1
METSÃ¤STETYISTÃ¤;1
AIKUISIA.HIRVIEN;1
METSÃ¤STYSKAUPUNKI;1
KULMALLE;1
LUONNONSUOJELUALUEEN;2
NIIVERMÃ¤EN;1
LAAJENISI;1
HEHTAARILLANIIVERMÃ¤EN;1
VETURIA.LUONNONSUOJELUALUEETJALKAPALLON;1
EMFINAALI;1
MOTOGPKISAN;1
VIISINUMEROISTA;1
KATSOJAMÃ¤Ã¤RÃ¤Ã¤KYMIRINGIN;1
KUUKAUTTA.MOTOGPKAUPUNGINJOHTAJA;1
JOUTUU;3
KESÃ¤LLÃ¤SÃ¤Ã¤STÃ¶PAINEISTA;1
KÃ¤RSIVÃ¤;6
HENKILÃ¶STÃ¶NSÃ¤.LOMAUTUSTUTKIJA;1
ITÃ¤MERI;1
SAASTUNEIN;1
OLIVATKINITÃ¤MERELLÃ¤;1
ONGELMANSA;1
ILMASTON;1
LISÃ¤Ã¤.ITÃ¤MERIMIELENTERVEYSONGELMIIN;1
APUA;1
ILLALLA;2
PSYKIATRISET;1
SAIRAANHOITAJAT;1
ALOITTIVAT;1
PÃ¤IVYSTYKSEN;1
KYMENLAAKSOSSATARKOITUKSENA;1
MIELENTERVEYS;3
PÃ¤IHDEONGELMISTA;2
NOPEAMMIN.TERVEYDENHOITOPUUTARHANEUVOS;1
HEIKKI;6
LAAKSONEN;6
ELÃ¤MÃ¤NTYÃ¶STIPENDIN;5
VUOTISEN;2
URAN;1
MUUTTUNUT;3
PUUTARHAKAUPUNGIKSI.PUISTOTSUURI;1
PUUTALO;2
TULIPALOSSA;4
SAMMUTUSTYÃ¶T;2
KESTIVÃ¤T;2
ILTAMYÃ¶HÃ¤Ã¤NTULIPALO;1
HOVINSAARELLA;1
AIKAAN.TULIPALOTVALKEALAN;1
PURETAAN;1
UUDEN;4
MONITOIMITALON;1
TIELTÃ¤KIRJASTO;1
SULJETTUNA;1
KUUKAUDEN;3
AJAN.KIRJASTOTVAARALLISEN;1
SIKARUTON;2
UHKA;9
VILLISIKOJEN;3
SYYNIIN;1
TUTKIJAT;2
ASENTAVAT;2
SEURANTALAITTEITASUOMEN;1
VILLISIKAKANTA;2
LUONNONVARAKESKUS;1
LUKEN;2
ARVION;3
PIENENTYNYT;1
VAJAAT;1
LEVIÃ¤MISEEN;2
SAAPUU;2
LOPUSSAKIERTUE;1
KIERTUEOHJELMISTON;1
KOTKASSA.ELOKUVAFESTIVAALIT..KOTKASSA;1
VIEREINEN;2
ROIHUSI;1
VUOTTA;7
SITTENPOLIISI;1
PELASTUSLAITOS;1
SYTTYMISSYYTÃ¤.TULIPALOT..LUOTTOTIEDOTON;1
SIIVOOJA;1
RYHTYI;2
ASUNTOSIJOITTAJAKSI;1
ASUNTOAAN;3
LUOTTOTIEDOTTOMILLEKULUTTAJALIITON;1
MAHDOLLISTA;2
LUOTTOTIETOJEN;1
MENETYKSESTÃ¤;1
HUOLIMATTA.;2
SIJOITUSASUNNOT..UUSI;1
HALLITUSTA;5
MINISTEREISTÃ¤;1
RAITEET;2
KAUTTASELVITYSTYÃ¶;1
PARHAILLAAN;2
KÃ¤YNNISSÃ¤;3
LIIKENNEMINISTERIÃ¶SSÃ¤.RAUTATIELIIKENNE..KOUVOLA;1
LEIKKASI;4
ELINKEINOYHTIÃ¶NSÃ¤;1
RAHOITUSTA;1
EUROA;3
OTTI;4
LOPPUTILINJOKA;1
JÃ¤TTÃ¤NYT;1
SÃ¤Ã¤STÃ¶PÃ¤Ã¤TÃ¶KSEN;1
JÃ¤LKEEN.KOUVOLA..UUSI;1
RAIDEHANKKEISTA;1
VOISI;1
KILPAILUKYKYÃ¤;1
HIILINEUTRAALIUTTAKOTKAN;1
KYMMENIÃ¤;1
VUOSIA.RAUTATIELIIKENNE..KYMENLAAKSO;1
YRITTÃ¤JYYS;1
ALUETOIMISTON;2
OPETTAJIA;2
OPETTAMAAN;1
TYÃ¶ELÃ¤MÃ¤N;1
AVAUTUI;5
HELMIKUUSSA.YRITTÃ¤JYYS..NORLANDIA;1
AURINKOPOJAN;1
PALOKANKAAN;1
PÃ¤IVÃ¤KODIT;2
KOUVOLASSAOMISTAJAA;1
VAIHTANEISSA;2
LASTA.PÃ¤IVÃ¤HOITO..YÃ¶;1
PAPERI;1
PITKÃ¤LLE;1
PAINAMALLA;1
LÃ¤HDEPAPERIKONEET;1
SAADAAN;2
KÃ¤YNTIIN;2
VUOROKAUDESSA.;1
SELLUNKEITON;1
VALMISTELUTYÃ¶T;1
PIDEMPÃ¤Ã¤N.PAPERITEOLLISUUS..;1
LAAJASSA;2
NUUSKAN;2
SALAKULJETUSJUTUSSA;2
SATOJEN;1
EUROJEN;2
KORVAUKSETRUOTSISTA;1
MYYTIIN;1
SALAKULJETUS..ANDRITZ;1
ISON;1
UPMN;1
EUKALYPTUSSELLUTEHTAALLESELLUTEHTAAN;1
URUGUAYSSA;1
JÃ¤LKIPUOLISKOLLA.METSÃ¤;1
PAPERITEOLLISUUS..KOTKAN;1
TAPAHTUMAKESKUKSELLE;4
VIHREÃ¤Ã¤;2
VALOA;3
HINNANNOUSUSTA;3
HOTELLIN;1
SUUNNITTELU;4
NOUSEVAN;1
YLITTYMÃ¤SSÃ¤;1
TAPAHTUMAHALLIT;3
AREENAT..KOUVOLA;2
JÃ¤TTITERMINAALIN;2
LAAJENTAMISEN;2
PARIN;2
KULUTTUALAAJENNUSALUEEN;1
KUSTANNUSARVIO;1
EUROA.LOGISTIIKKA..;1
ASUKKAAN;1
PIKKUKYLÃ¤;1
UNELMIENSA;1
JÃ¤TTIPOTIN;1
VUOSIKAUSIA;1
VALMISTUVA;1
KIMOLAN;1
VENEREITIN;1
KYMIJOELTA;1
PÃ¤IJÃ¤NTEELLE.KANAVAT..KOUVOLA;1
MATALAN;2
KYNNYKSEN;2
LIIKUNTAPAIKKOJA;2
UUDENLAISIA;1
ULKOLIIKUNTAALUEITATARKOITUKSENA;1
TARVITSE;2
VUOROJA.ULKOLIIKUNTATILAT..PAPERIMIEHET;1
TÃ¶IHIN;1
YÃ¶VUOROON;1
LAKKOKYLTIT;1
RIISUTAAN;1
AMMATTIOSASTON;2
ONPAPERILIITTO;2
MAANANTAINA;1
VALTAKUNNANSOVITTELIJAN;1
TYÃ¶EHTOKIISTAAN.PAPERITYÃ¶NTEKIJÃ¤T..ISO;1
PAPERITEHDAS;1
SEISOO;1
KOLMATTA;1
MIELUUMMIN;1
KATSOTAAN;1
TUSKAILLAAN;1
HUONON;2
SOPIMUKSEN;1
RYN;1
TYÃ¶EHTOKIISTAN;1
SOVINTOESITYKSEEN;1
MAANANTAINA.LAKOT..PORAKONEISTA;1
JOSSAIN;3
KAIKKEA;1
LAINATAKIRJASTOJEN;1
VALIKOIMAT;1
MONIPUOLISTUNEET;1
KIRJASTOT..OLIKS;1
KOULUPÃ¤IVÃ¤;1
GROOMINGCHAT;1
TAITAVASTI;1
HYVÃ¤KSIKÃ¤YTTÃ¤JÃ¤;1
PUNOO;1
VERKKOONSANUORI;1
VÃ¤LTTÃ¤MÃ¤TTÃ¤;1
TUTTAVUUS;1
PYYTELEMÃ¤Ã¤N;1
KUVIA.;1
PELKO;1
NUORTA;1
AIKUISELLE.GROOMING;1
SEKSUAALIRIKOS..VIROLAHDEN;1
KUNNANTOIMISTO;1
LINJAAUTOASEMALLE;1
TILOJEN;1
MAKSAVAT;1
TUHANSIAVIROLAHDEN;1
KUNNANTALON;1
VIRASTOTALO;1
POISTUMASSA;2
SISÃ¤ILMAN;1
TAKIA.RAKENNUKSET..IITTI;1
PYYSI;1
YHTEISYRITYKSEEN;1
PÃ¤IJÃ¤THÃ¤MEEN;1
HYVINVOINTIYHTYMÃ¤N;2
LAAJENEE;1
JÃ¤RKEVÃ¤NÃ¤;2
RATKAISUNA.;1
TERVEYSPALVELUT..VIERASKIELISTEN;1
KIELIKAHVILAKAHVILATOIMINTAAN;1
VAPAAEHTOISIA;1
KESKUSTELIJOITA.;1
KIELITAITO..TÃ¤LLAISTA;1
OIKEASTI;1
KARJALAN;2
PRIKAATISSA;3
TORSTAIPÃ¤IVÃ¤N;1
TOIMITUS;1
VEKARANJÃ¤RVELLLE;3
TUNNELMIA;1
AAMUVARHAISESTA;2
ILLANSUUHUN;1
SAAKKA.;1
KOUVOLA..PAPERIKAUPPIAS;1
TEHDASHALLIN;1
SORTUMISVAARASSA;1
HISTORIALLISEN;1
RAKENNUKSEN;6
PURKAMISESTA;1
KIISTAVANHAA;1
PAHVIKUIVAAMOA;1
PIDETTY;1
VALTAKUNNALLISESTI;1
PUUNJALOSTUSTEOLLISUUDESTA;1
RAKENNUKSET..HÃ¤PEÃ¤;1
NAISIA;1
LINDA;1
AKNESTA;1
FINNIT;1
MEIKILLÃ¤AKNEA;1
ESIINTYY;1
NUORUUSIÃ¤SSÃ¤;1
MÃ¤Ã¤RIN;1
AIKUISIÃ¤LLÃ¤.IHO..UUSI;1
PÃ¤IVYSTYSAPUPUHELIN;2
SOI;1
PÃ¤IVISIN;1
OLLUT;2
RUUHKAAKYMSOTE;1
JOULUKUUN;1
PUOLIVÃ¤LISSÃ¤.;1
PUHELINPALVELUT..HAMINAN;1
JÃ¤TTIINVESTOINTI;1
JALOSTAA;1
MÃ¤NTYÃ¶LJYÃ¤;1
BIODIESELIN;1
TUOTANTOONFINTOIL;1
AIKOO;1
HENKEÃ¤.BIOTUOTETEHTAAT..KOUVOLA;1
KILPAILUN;2
MATKAKESKUKSEN;2
KORTTELIN;1
HÃ¶YRYVETURI;1
RUUHVELTTI;1
TIELTÃ¤KOUVOLA;1
PYRKINYT;1
KEHITTÃ¤MÃ¤Ã¤N;1
PITKÃ¤Ã¤N.RAKENTAMINEN..UUDESSA;1
PYHTÃ¤Ã¤NLINNASSA;1
HENKILÃ¶Ã¤RAVINTOLAA;1
PYÃ¶RITTÃ¤MÃ¤Ã¤N;1
SAARET;2
OY.RAVINTOLAT..NYT;1
VARMAA;1
VIROLAHDEN;2
MIEHIKKÃ¤LÃ¤N;2
SUPPEAMPI;1
PALVELUPISTE.SOSIAALI;1
TERVEYSPALVELUT..UUSPERHEEN;1
TARPEEKSEEN;1
HÃ¤LINÃ¤STÃ¤;1
KASSIN;1
TAUOLLE;1
YKSIÃ¶Ã¶NSÃ¤;1
MUUTKIN;1
HALUAVAT;1
OLLAKSEEN;1
RAUHASSAYKSIN;1
NYKYPÃ¤IVÃ¤NÃ¤;1
AIKAA.;1
KATRI;1
PENTTI;1
RATKAISUN.VAPAAAIKA..VEKARANJÃ¤RVELLÃ¤;1
PUOLIJOUKKUETELTTA;1
VARUSMIEHET;1
SELVISIVÃ¤T;1
SÃ¤IKÃ¤HDYKSELLÃ¤PALON;1
SYTTYMISSYY;1
TIEDOSSA;1
KOUVOLA..LUMI;1
RÃ¤NTÃ¤SADE;1
TEKEE;1
AJOKELISTÃ¤;1
NOKKAKOLARIN;1
LANKILANTIELLÃ¤;1
KOTKASSAAJOKELI;1
AAMUNA;1
HUONO.LIIKENNESÃ¤Ã¤..NÃ¤IN;1
VALTAVA;7
RAHAPULA;1
KONKRETISOITUU;1
VIIKKOKAUSIKSI;1
KOUVOLASSAOPETTAJIEN;1
AMMATTIJÃ¤RJESTÃ¶;1
OAJ;1
TIUKASTI.LOMAUTUS..KOHUTUN;1
TONTTIMAATA;1
YRITYKSILLERAKENTEILLA;1
TERMINAALISSA;1
TULEVAISUUDESSA;1
PURKAA;1
KILOMETRIN;3
JUNIA.KONTTIKULJETUS..IHMISILLE;1
MARKKINOIDAAN;1
PAINAVAMPIA;1
HULAVANTEITA;3
SINULLETUTKIMUKSEN;1
VYÃ¶TÃ¤RÃ¶LIHAVIEN;1
JUTTUNA.;1
URHEILUVAMMAT..KOUVOLA;1
PAKOLAISPÃ¤Ã¤TÃ¶KSENSÃ¤;1
PAKOLAISIAKOUVOLAAN;1
KIINTIÃ¶PAKOLAISTA;1
VUODESSA.PAKOLAISET..MONET;1
LAJIT;1
HÃ¤TÃ¤Ã¤;1
KÃ¤RSIMÃ¤SSÃ¤;1
HAKATTU;1
LIIKAAPUUSTON;1
MONIMUOTOISUUS;1
HAKKUISTA.HAKKUUT..TÃ¤Ã¤LTÃ¤;1
PILKKAHINTAAN;1
KOUVOLASSAASUNTOJEN;2
HINTOJEN;1
KYMENLAAKSOSSA.ASUNTOJEN;1
MIINUS;1
TAPPIOTA;1
MILJOONAAPAHIMMILLAAN;1
ALIJÃ¤Ã¤MÃ¤Ã¤;1
KERTYY;1
MILJOONAA.KOUVOLA..NÃ¤YTÃ¤;1
LISÃ¤Ã¤PÃ¤Ã¤UUTISETPÃ¤Ã¤MINISTERI;1
KYSELYTUNNILLA;3
AVUSTAJIEN;2
LASKETAANEDUSKUNNAN;1
VÃ¤Ã¤NNETTIIN;1
EDUSKUNTAANALYYSI;1
EUROOPPALAINEN;1
PUHUKOON;1
TRUMP;1
PUHUU;1
HUAWEITA;1
BOIKOTOIDATEOLLISUUS;1
KOSTOTOIMIA;1
OPERAATTORIT;1
JUHAMATTI;1
MÃ¤NTYLÃ¤.VERKKOVALMISTAJATSIIRTÃ¤Ã¤KÃ¶;1
ALAIKÃ¤ISIÃ¤;1
TURVAPAIKANHAKIJOITA;1
SISÃ¤MINISTERIÃ¶;1
KOKOSIMME;1
VASTAUSTAKESKUSTA;1
IHMETTELEE;1
OHISALO;1
SYKSYLLÃ¤;1
VALMISTELLUN;1
JULKI.TURVAPAIKANHAKU;1
LAIVAT;1
VERKKOKAMERAT;2
KKOTSIKOISSAKESKIVIIKKONA;1
PALANEESSA;5
RUUNUNMAANKADUN;9
PUUKERROSTALOSSA;9
PALOJA;5
TÃ¤NÃ¤Ã¤NTILAAJALLETILAAJALLEKOTIMAAKOTKALAISET;1
SEINÃ¤Ã¤SURUTUTKIJA;1
MARI;1
PULKKINEN;1
SANOO;2
PYRISTELLÃ¤;5
SURUSSA;1
HÃ¤NEN;1
MUKAANSA;1
VIIPYÃ¤;1
TAPAUKSESSA.KATARIINA;1
TEEMASUOMALAINENAIHEETTIEDESURUSURUAIKALÃ¤HELLÃ¤KOTKAN;1
PERUSTAMASSA;2
OYNYHTIÃ¶N;5
TARKOITUKSENA;2
TILAA;4
VIRKAMIEHET;2
TULOSPALKKIONSA;2
KUNNANHALLITUS;2
KÃ¤SITTELEE;3
KOKOUKSESSAANLÃ¤HELLÃ¤KAUNISSAAREN;2
VESIJOHTO;2
LUVANHAKUVAIHEESSA;2
MERENPOHJAAN;2
PUTKEALUETUIMMAT;1
HTULI;1
TUHOSI;4
NAAPURITALON;4
VÃ¤LTYTTIIN;4
HENKILÃ¶VAHINGOILTAKOTKAN;3
AVAJAISHULINAA;4
LAUANTAIHIN;9
POSSOJAAVAINJUTTUKÃ¤RÃ¤JÃ¤OIKEUS;3
VELKANSA;3
OIKEUDENKÃ¤YNTIKULUTENTINEN;3
OSUUSPANKIN;4
VAATISI;7
TÃ¤YDELLISEN;4
PERUSKORJAUKSEN;4
KIINTEISTÃ¶Ã¤;4
MIELENKIINTOA;4
KUNNOSTUKSEEN;4
HETKELLÃ¤KOTKAN;3
LAJINAHAN;4
MARATONNÃ¤YTÃ¤;1
LISÃ¤Ã¤LÃ¤HELLÃ¤PELASTAJILLA;1
TYÃ¶SKENNELLÃ¤;2
LIIKENNEONNETTOMUUSPAIKAN;2
VAUHTIA;2
KUVAAMATTALÃ¤HELLÃ¤KAAKKOISSUOMESSA;2
SAALIIKSI;2
TAMMIKUUSSA;2
PÃ¤Ã¤TTYNEELLÃ¤;2
HIRVENMETSÃ¤STYSKAUDELLAAVAINJUTTULÃ¤HELLÃ¤KOTKASSA;2
MIEKUN;5
IHMETYTTÃ¤VÃ¤T;2
PÃ¤IHDEASIAKKAITATIETO;2
KAIKKIALÃ¤HELLÃ¤KESKIVIIKKONA;1
TÃ¤NÃ¤Ã¤NAVAINJUTTULÃ¤HELLÃ¤HAMINAASUNNOT;2
VALTUUSTON;2
RAKENNUTTAA;2
TERVASAARELLE;2
RAKENTAMINEN;3
SATAMAJUTUSSA;1
SYYTETTÃ¤SYYTTÃ¤JÃ¤N;1
ILMIANNOSTA;1
MUUTOKSISTA;4
PERILLÃ¤TEKSTARITTEKSTARIT;1
ENEMMÃ¤NKIN;1
VARAAURHEILUPELIKARHUT;1
CATZILLE;1
PÃ¤Ã¤TÃ¶SNELJÃ¤NNEKSEN;1
PERÃ¤TI;1
ROMAHDUSLÃ¤HELLÃ¤PEURA;1
HINAUKSEENLÃ¤HELLÃ¤KOTKAN;1
MARATONKULTTUURI;1
KINOPALATSISSA;1
NORJALAINEN;1
MUSIIKKIDOKUMENTTILUKIJALTALUKIJALTA;1
YLEISSIVISTYS;2
ARVOVALINTOJA;2
PÃ¤Ã¤TÃ¶KSIÃ¤LÃ¤HELLÃ¤..;2
MINNI;1
KUISMA;1
KOTKAKYMISTÃ¤;1
HENKILÃ¶VAHINGOILTAAVAINJUTTULÃ¤HELLÃ¤..;1
JÃ¤Ã¤KIEKKOKAUKALOA;2
MUISTUTTAVA;2
VILLISIKALOUKKU;2
SIKAA;6
MENNYT;1
ANSAANLÃ¤HELLÃ¤ENTINEN;1
HETKELLÃ¤LÃ¤HELLÃ¤..;1
OIKAISU;1
ARPOJA;1
VAINIO;1
PÃ¤Ã¤PALKINNOT;1
LAUANTAINALÃ¤HELLÃ¤..;3
LIIKENNEVALOT;1
OIKUTTELEVAT;1
MERITUULENTIEN;1
MUSSALONTIEN;1
SELVITETÃ¤Ã¤NLÃ¤HELLÃ¤..;1
JUHLITAAN;3
LUKIOKOHTAISET;5
AIKATAULUTLÃ¤HELLÃ¤..;1
POSSOJAAVAINJUTTULÃ¤HELLÃ¤..;2
JUMALNIEMEN;1
JÃ¤TEASEMAN;1
KÃ¤YNNISTYNYT;1
MALLIKKAASTIKÃ¤VIJÃ¤MÃ¤Ã¤RÃ¤T;1
POMPANNEET;1
MEHEVÃ¤STI;1
YLÃ¶SPÃ¤IN;1
HEINSUON;1
LAAJEMMAT;1
AUKIOLOAJAT;1
KIITOSTA;1
TOSIASIA;3
TAVOINTEKSTARIT..;1
VEDEN;2
LÃ¤MPÃ¶TILAA;2
MARATONVIIDEN;2
KETJUKOLARI;2
TÃ¶RMÃ¤YKSESSÃ¤AVAINJUTTUKOTKALAISET;2
SEINÃ¤Ã¤PEURA;2
HINAUKSEENTORSTAINA;2
AIKATAULUTKESKIVIIKKONA;2
TÃ¤NÃ¤Ã¤NNÃ¤YTÃ¤;2
PERILLÃ¤ELINA;1
TAVOINANTTIJUSSI;1
LARVIOLUE;1
TÃ¤NÃ¤Ã¤NUUSIMMAT;2
PUTKEAPELASTAJILLA;1
SEINÃ¤Ã¤KESKIVIIKKONA;1
KESÃ¤KUUSSAAVAINJUTTUKOTKASSA;1
PERILLÃ¤KOMMENTOIDUTLUKIJALTA;1
POLTTOAINEVERON;1
KOROTUS;1
NURINAA;1
AUTOILUUN;1
KONVERTOIMALLA;1
NYKYISIÃ¤;3
BIOPOLTTOAINEITA;1
HYÃ¶DYNTÃ¤VIKSIKOTKA;1
RANNIKKOKUNNAT;1
RATARAPORTTINSA;1
ETUAJASSASYYNÃ¤;1
RATAHANKKEIDEN;1
ETENEMINEN;1
VIESTINTÃ¤MINISTERIÃ¶SSÃ¤KOLUMNI;1
VASTENMIELISYYS;1
KANSALAISTEMME;1
RAHOITTAMISEENKESKUSTELU;1
ITÃ¤ISISTÃ¤;1
RATAVAIHTOEHDOISTA;2
KUUMENI;1
PÃ¤Ã¤TÃ¶KSIÃ¤PÃ¤Ã¤KIRJOITUS;1
TAVOINKOTKAN;1
Ã¤Ã¤NESTÃ¤MÃ¤Ã¤N;1
TAPAHTUMAKESKUKSESTATEKSTARIT;1
LÃ¤MPIMÃ¤NÃ¤KOTKAN;1
RAKKAUSVIIKKOON;1
TEEMAVIIKKO;1
KAHVILOISSA;1
RAVINTOLOISSAKYMEN;1
PASAATI;1
KESKUSKATU;1
KOTKAPUH.;1
LYHYET;3
ITÃ¤SAVO;3
KKPUHEENAIHESAVONLINNAN;1
VALITSEMAN;7
SOTESUUNNAN;7
MIELENILMAUS;7
SUOSITTELEMMEKARJALAN;1
SOTILASVALA;1
SOTILASVAKUUTUS;1
VALAPARAATI;1
LÃ¤HETYKSENÃ¤TILAAJALLETILAAJALLEKOTIMAAKATSO;1
KUVATARJONTA;2
PENKKARIRIEMUSTA;2
KIRKUKURKKUJA;2
KARAMELLEJA;2
SAVONLINNASSA;32
SULKAVALLA;4
RANTASALMELLAABITURIENTIT;3
VETÃ¤VÃ¤T;1
KEVÃ¤Ã¤N;2
KIRJOITUSTEN;1
KOETUKSIA.ULLA;1
YLISAARIAIHEETPENKKARITPENKINPAINAJAISETKOTIMAASAVONLINNAN;1
SEISOKKI;2
TEOLLISUUSLIITTO;2
HYLKÃ¤SI;2
MEKAANISEN;2
TYYTYMÃ¤TÃ¶N;2
OMISTAMILLEEN;2
VESIALUEILLE;2
KALASTUSRAJOITUKSIA;2
TASKINEN;2
SIKSEEN;2
NORPPAAN;3
LIITTYVIEN;2
IDEOITTEN;2
KULTTUURIPÃ¤Ã¤KAUPUNKIVUOTEENLUETUIMMAT;2
PIHLAJAVEDELTÃ¤;5
HUKKUNUT;5
NAARASNORPPAAVAINJUTTUJORMA;3
MATTINEN;4
IRTISANOTTU;4
TARKASTUSINSINÃ¶Ã¶RI;4
EPÃ¤ILEE;4
IKÃ¤SYRJINNÃ¤STÃ¤AVAINJUTTUTÃ¤MÃ¤;3
HALLITUKSELLE;5
PIHALLAKASINONSAAREN;4
HUONEISTOHOTELLEISTA;5
VIRALLISESTI;5
ASUINKERROSTALOJAIS;5
HOYER;4
VAKAVASTA;4
TOIPUMISESTAANNÃ¤YTÃ¤;1
LYSEON;2
EUROPARLAMENTISSALÃ¤HELLÃ¤SANO;2
MINKÃ¤;2
KERTOISIT;2
MUMMOLLESIKIN;2
NEUVO;2
NUORILLE;2
SOSIAALISEN;2
MEDIAN;2
KÃ¤YTTÃ¤JILLEAVAINJUTTULÃ¤HELLÃ¤JORMA;1
IKÃ¤SYRJINNÃ¤STÃ¤LUKIJALTALUKIJALTA;1
SÃ¤HKÃ¶SOPIMUKSEN;2
HUIMA;2
LYHYETLUKIJAN;1
AUTOILIJOITA;2
VILKUN;2
Ã¤LYLLISIÃ¤;2
ERILAISIIN;2
HÃ¤LYTYSTEHTÃ¤VIIN;2
POLIISITUTKINTAAN;2
TULLEIDEN;2
HUUMERIKOSTEN;2
VÃ¤KIVALTAISEMPIAKIN;2
RIKOSTILASTOT;3
MURHEELLISTA;3
LUETTAVAAURHEILUEI;1
SAPKON;2
VOITTAJAKSI;1
RUNKOSARJASSA;1
PÃ¤Ã¤VALMENTAJA;1
PASI;1
RÃ¤SÃ¤NEN;1
PAREMPAALÃ¤HELLÃ¤NÃ¤ITKÃ¶;1
LÃ¤HETTI;7
TOIMITUSJOHTAJALLE;3
HALVENTAVIA;3
VIESTEJÃ¤;3
UUTISKOOSTEESTALÃ¤HELLÃ¤IS;1
TOIPUMISESTAANAVAINJUTTULÃ¤HELLÃ¤LINNALAN;3
SENIORIKESKUKSEN;4
LINNANNEIDOT;1
JUHLII;1
LAULAMALLAKOTIMAA..;1
TELIAN;1
MOBIILIVERKOSSA;1
LAITTEITA;2
UUDELLEENLÃ¤HELLÃ¤..;1
KUNTALAISTEN;1
OLOHUONE;1
PERINTÃ¶;1
JONKA;1
AVAINJUTTULÃ¤HELLÃ¤KÃ¤Ã¤NTEENTEKEVÃ¤;1
VAIVIHKAA;2
HÃ¤TÃ¤PUHELUT;1
PAIKANTUVAT;1
PIHALLAKULTTUURI;1
TANGOMAESTRO;1
ALKUKARSINNAT;1
ABIT;1
REITTIKARTTA;3
SYKSYNÃ¤URHEILU..;1
KESKITTYNYT;1
HIOMAAN;1
VIISIKKOPELIÃ¤Ã¤N;1
OPIT;1
KEUPA;1
TALVISALOONAVAINJUTTUKOTIMAA..;1
AMMUTTU;1
MATSI;1
UNIMAAILMAANSA;1
NAARASNORPPANÃ¤YTÃ¤;1
PÃ¤Ã¤TTÃ¤JÃ¤TKAHDELLE;2
RIVITALOLLE;2
OSTAJAT;2
TÃ¤STÃ¤AVAINJUTTUALAINEN;2
NAISEN;2
HALUNNEEN;2
KARIUTUMISENHIIPPAKUNNAN;2
LUETTAVAAJAANA;1
RAUTIOTEIJONMAAPÃ¤Ã¤KIRJOITUKSET..;1
RANTASALMELLASAVONLINNAN;1
KORVAAMISEENAVAINJUTTULEENA;1
SEINÃ¤Ã¤SAVONLINNAN;1
KÃ¤YTTÃ¤JILLEAVAINJUTTUSAVONLINNAN;1
PIKKISAVAINJUTTUPOLIISI;1
LUETTAVAAKOMMENTOIDUTAVAINJUTTUON;1
NAURETTAVAA;1
PALKKOJAMME;1
SEISAHTUNEIDEN;1
WOODIN;1
PUNKAHARJUN;1
PÃ¤Ã¤LUOTTAMUSMIES;1
NAUKKARINENLUKIJALTA;1
RAAMATTUA;1
MUOKATA;1
MUKAISEKSINÃ¤TKIN;1
KOSKEVA;1
HYLÃ¤TTIIN;2
HALLINTOOIKEUDEN;1
SAANEE;1
LAINVOIMAN;1
KULUTTUAAVAINJUTTULINNALAN;1
PÃ¤Ã¤TTÃ¤JÃ¤TAVAINJUTTUTERVETULOA;1
ANKKALINNA;1
OLAVINLINNA;1
VALMISKATSO;1
ILLUMINATION;1
PIMEYTEEN;1
IHANAN;1
VÃ¤RIVALOJEN;1
MUUMIPAPAN;1
RUNOUTTAAVAINJUTTUTÃ¤MÃ¤;1
PIHALLAAVAINJUTTUUUSI;1
SIVISTYSTOIMEN;1
TYÃ¶SUOJELUILMOITUSKIISTASSA;1
ENEMMISTÃ¶N;1
TUTKITTAVA;1
LUOTTAMUSHENKILÃ¶N;1
TIETOJENSAANTIOIKEUDEN;1
NÃ¤KÃ¶KULMASTAKASINONSAAREN;1
UPMLTÃ¤;1
URUGUAYHINITÃ¤SAVOTEKIJÃ¤NOIKEUDET;1
OYOLAVINKATU;1
SAVONLINNAPUH.;1
RAUTIOTEIJONMAASISÃ¤LTÃ¶JOHTAJA;1
;1
